CpG,Chr,Nearest gene,Coef,SE,95% CI,P value,Direction of effect across cohorts,I-squared
cg00028013,15,LOXL1-AS1,105.53,12.76,"80.5264 , 130.5285",1.31E-16,+++++++++++++-++,21.4
cg00066351,7,LINC00996,-64.31,10.86,"-85.6026 , -43.0207",3.21E-09,----------------,47.6
cg00075967,15,STRA6,53.18,10.56,"32.4693 , 73.8822",4.82E-07,++++++-++++++++-,5.1
cg00091302,1,RGS8,-53.09,9.95,"-72.586 , -33.5906",9.47E-08,---+--------+---,47.6
cg00095326,1,RHOU,76.25,13.55,"49.692 , 102.7984",1.82E-08,++++++-?++++-+++,42.7
cg00119811,5,ARHGEF28,-106.46,17.09,"-139.9606 , -72.9645",4.69E-10,--+-------------,38
cg00153395,1,JAK1,77.57,11.93,"54.197 , 100.9473",7.80E-11,+++++++?++-++-+-,47.5
cg00162064,1,RNF220,-60.93,10.06,"-80.6559 , -41.2012",1.42E-09,-------?--------,33
cg00205605,1,FAM213B,96.29,16.92,"63.1188 , 129.4518",1.27E-08,++++++++++++++--,27.4
cg00218409,2,SEMA4F,-111.88,19.56,"-150.2166 , -73.5453",1.06E-08,-------------+--,0
cg00222472,1,PBX1,32.51,7.88,"17.0616 , 47.9515",3.71E-05,+++++++++-+++-++,29.8
cg00227665,16,KLHDC4,43.78,8.95,"26.249 , 61.3208",9.89E-07,+++++-++++-++++-,37
cg00233028,11,CD82,65.36,11.93,"41.9785 , 88.7374",4.27E-08,++++++++-+++-+++,58.4
cg00253658,16,FTO,-36.17,6.61,"-49.1176 , -23.2223",4.37E-08,-------------++-,0
cg00329157,3,C3orf52,-114.00,16.24,"-145.8311 , -82.1779",2.21E-12,------+-----+---,38.3
cg00350296,11,CD248,98.92,17.84,"63.9501 , 133.8906",2.95E-08,+-++++-+++++++++,58.9
cg00382138,4,CFI,-56.15,8.89,"-73.5724 , -38.7242",2.68E-10,--?---+---+--+--,50.1
cg00394823,16,ACSM3,-76.66,12.47,"-101.0913 , -52.2218",7.80E-10,----------+--+--,0
cg00395063,11,ARHGEF12,125.53,16.06,"94.0544 , 157.0112",5.44E-15,+++-++++++++-+++,51.3
cg00410926,9,FAM166B,-61.76,11.85,"-84.9875 , -38.5345",1.87E-07,+-----+-----++--,63.9
cg00431549,12,MGP,-49.11,10.35,"-69.3842 , -28.8276",2.07E-06,--++--+---------,0
cg00442282,17,RARA,-164.62,20.99,"-205.7517 , -123.4824",4.37E-15,----------+-----,49.7
cg00448875,3,RAB6B,-48.66,10.22,"-68.6833 , -28.6379",1.90E-06,-------?-+------,44.6
cg00496272,16,CENPT,158.34,25.58,"108.2093 , 208.4762",6.00E-10,++++++-+++++-+++,20.9
cg00508575,12,ATP2B1,-69.89,11.63,"-92.6816 , -47.0983",1.85E-09,-------------+--,35.9
cg00533407,7,ASIC3,-64.32,11.77,"-87.3891 , -41.2501",4.64E-08,-------?--------,25.5
cg00549798,22,MKL1,42.23,10.13,"22.3767 , 62.0853",3.06E-05,++++++++++--+++-,8.5
cg00558749,1,NADK,72.14,14.31,"44.0858 , 100.1843",4.64E-07,++++++++++++-++-,0
cg00567703,12,HOXC4,-35.78,7.56,"-50.6056 , -20.9556",2.24E-06,--+-------+--+-+,0
cg00587472,2,CMPK2,-73.96,9.43,"-92.4438 , -55.4838",4.34E-15,-------?-+---+--,55
cg00591515,19,LENG8,82.38,18.08,"46.9368 , 117.8269",5.23E-06,+++-+++-+++++-++,0
cg00602416,10,SKIDA1,62.40,12.28,"38.3326 , 86.4705",3.74E-07,+++++++?++++++++,0
cg00605777,2,SEMA4C,89.44,16.74,"56.6315 , 122.2415",9.11E-08,+++++++++++++-++,0
cg00637745,2,GLI2,-22.48,3.60,"-29.5406 , -15.4186",4.38E-10,------------++--,30.5
cg00694258,10,ARHGAP12,-33.16,7.86,"-48.574 , -17.7518",2.47E-05,---------+--++--,45.9
cg00739778,17,RAP1GAP2,-52.86,10.39,"-73.2306 , -32.4986",3.63E-07,-------?-+--+---,39.9
cg00748072,2,SP3,-77.51,14.28,"-105.497 , -49.5302",5.66E-08,------+--+------,0
cg00780426,6,HIST1H3I,-54.99,11.48,"-77.4939 , -32.4843",1.68E-06,---+-+------+--+,6.5
cg00831931,10,TCF7L2,-79.88,18.28,"-115.7115 , -44.0487",1.25E-05,-+---++----+----,21.3
cg00873678,14,CCDC88C,39.78,7.78,"24.5319 , 55.0267",3.16E-07,++-+++++++++-+++,57.1
cg00886780,6,SCUBE3,-40.88,8.84,"-58.2152 , -23.5515",3.78E-06,-------?------+-,0
cg00921266,7,HOXA3,66.68,11.57,"43.9971 , 89.3691",8.35E-09,+++-++--++-+++++,0
cg00930606,22,PATZ1,94.05,16.60,"61.5063 , 126.5973",1.48E-08,++++++-+++++-++-,2.2
cg00940560,8,MIR548O2,-55.97,10.88,"-77.2896 , -34.6586",2.65E-07,---------------+,8.7
cg00942920,1,LAX1,-60.50,9.94,"-79.9729 , -41.0214",1.14E-09,-------------+--,0
cg00971695,14,PLEKHG3,-68.78,12.87,"-94.0008 , -43.5543",9.07E-08,---+---?--------,7.6
cg01063280,6,SEC63,-79.27,12.12,"-103.0273 , -55.5197",6.11E-11,------------+---,46.8
cg01066046,21,SCAF4,104.98,21.89,"62.0768 , 147.8781",1.62E-06,-++-++++++-+++-+,36.6
cg01099825,9,NELFB,45.19,11.15,"23.3415 , 67.0402",5.04E-05,+-+-++-+++++-+++,22.2
cg01110839,11,SLC39A13,53.74,14.68,"24.9619 , 82.5205",0.0002522,++--+++?+++++-++,0
cg01115380,6,FOXC1,-49.22,9.04,"-66.9334 , -31.501",5.18E-08,------+?-------+,17.1
cg01143068,15,STARD9,-44.79,12.08,"-68.4671 , -21.107",0.0002097,-----++--++--+--,31.6
cg01264106,22,LGALS1,-71.89,13.95,"-99.2354 , -44.5403",2.57E-07,----------+-++--,0
cg01294327,19,SPPL2B,45.21,11.48,"22.7008 , 67.716",8.26E-05,+++++++?++-++-+-,12.9
cg01303055,11,GALNT18,-93.22,19.80,"-132.0314 , -54.4015",2.51E-06,-------------+--,0
cg01307174,3,ARPP21,-48.01,10.52,"-68.6206 , -27.3911",5.01E-06,---+------+--+--,18.2
cg01351032,16,CIITA,-65.20,13.52,"-91.7123 , -38.6975",1.43E-06,------+---+--+--,0
cg01368219,3,CACNA2D3,54.55,9.11,"36.7045 , 72.4038",2.09E-09,+++++++-++-+++++,11.7
cg01400685,11,FADS2,-64.59,10.96,"-86.0685 , -43.1033",3.80E-09,----------------,44.4
cg01426808,8,LINC00536,-66.02,12.35,"-90.218 , -41.8143",8.98E-08,-------+-----+--,33.4
cg01439112,3,CTDSPL,-131.14,27.71,"-185.4557 , -76.8159",2.23E-06,------+--+-----+,0
cg01490733,1,SKI,144.08,24.21,"96.6287 , 191.5408",2.67E-09,++++++-+++++--+-,0
cg01514538,1,LINC00982,45.94,9.61,"27.1053 , 64.7675",1.74E-06,++-++-+?+++++-++,3.3
cg01515508,1,CASZ1,85.86,12.02,"62.2932 , 109.4278",9.29E-13,+++++++++++++++-,0
cg01585860,6,COL12A1,-81.13,13.55,"-107.6883 , -54.5662",2.14E-09,-------?--------,45.7
cg01619846,19,UHRF1,88.50,16.36,"56.4427 , 120.5654",6.29E-08,+++++++-++++++++,23.4
cg01693350,11,WT1,-36.06,6.25,"-48.3188 , -23.8056",8.08E-09,---+-----------+,0
cg01723892,1,MAP10,-53.87,9.17,"-71.8486 , -35.8988",4.24E-09,-------------+-+,42.9
cg01741041,7,ACTB,113.54,19.90,"74.5258 , 152.5476",1.17E-08,-++++-++++++++++,6.2
cg01815912,16,NTHL1,91.15,13.90,"63.9144 , 118.3887",5.41E-11,++++++-++++++++-,54.9
cg01820192,21,LINC00319,89.05,18.03,"53.7158 , 124.3845",7.83E-07,+-++++-+++++-+++,11.5
cg01832549,1,CAPZB,-47.34,9.38,"-65.7125 , -28.9616",4.44E-07,---------+---++-,59.2
cg01858866,1,PABPC4,79.24,14.71,"50.408 , 108.0718",7.17E-08,+++-+++++++++-+-,17
cg01877936,6,ECI2,-53.63,8.81,"-70.89 , -36.3654",1.14E-09,-------?-+------,0
cg01878708,2,MIR5702,-43.97,7.69,"-59.0506 , -28.8938",1.09E-08,---------++--+--,31.6
cg01894038,11,NDUFC2-KCTD14,-74.94,14.03,"-102.4394 , -47.4375",9.25E-08,------+?--------,0
cg01899318,16,ZNF19,-56.04,12.41,"-80.3582 , -31.7251",6.27E-06,+-----------+---,50.1
cg01906801,17,MED24,65.48,12.42,"41.1251 , 89.829",1.36E-07,++++++++++-++-++,0
cg01911077,11,SF1,56.61,13.77,"29.6114 , 83.6029",3.96E-05,+++++-+-++-+-+++,0
cg01919885,4,RGS12,67.66,11.46,"45.1993 , 90.1137",3.53E-09,+-+-+++++++++++-,18.8
cg01966974,1,BATF3,-68.17,10.55,"-88.8431 , -47.4938",1.03E-10,-------?--+-+---,60.5
cg01982597,10,ERCC6,-104.66,21.80,"-147.3892 , -61.9221",1.59E-06,------+--+---+--,44.5
cg01994290,14,PLEKHG3,-72.70,18.82,"-109.5917 , -35.7984",0.0001126,--+--+---+------,5.1
cg02068356,1,ROR1,-90.95,16.57,"-123.4176 , -58.4757",4.03E-08,-------?---+-+--,43
cg02106534,16,CDIP1,119.56,24.13,"72.2553 , 166.8571",7.27E-07,++++++++++++++-+,35.3
cg02149069,12,IFFO1,78.63,15.69,"47.8724 , 109.3824",5.42E-07,+++++++++++++-+-,0
cg02149899,11,PRKRIR,115.40,13.94,"88.0728 , 142.72",1.26E-16,+++++++-+++++-++,21.3
cg02232751,11,LDHA,90.25,17.34,"56.2646 , 124.2419",1.94E-07,+++++++-+++++--+,59.3
cg02255004,4,PCAT4,-55.31,12.90,"-80.5927 , -30.0191",1.81E-05,--+-------+--+--,16.6
cg02264407,13,LMO7,61.25,11.05,"39.5797 , 82.9152",3.02E-08,+++++++-+++++-++,46
cg02283735,1,PTPRF,-65.43,10.26,"-85.5448 , -45.3207",1.81E-10,-------?-----+--,20.7
cg02331649,3,TMEM110-MUSTN1,-53.46,11.10,"-75.2067 , -31.7045",1.46E-06,------++-+---+--,56.7
cg02332696,10,CASC10,-117.45,22.10,"-160.7682 , -74.1387",1.07E-07,-------?-----+--,0
cg02348437,2,MPP4,-61.02,10.49,"-81.5739 , -40.4612",5.96E-09,-------+-----+--,48.3
cg02355304,7,FBXL18,63.75,10.51,"43.1473 , 84.3576",1.33E-09,++++++++++++++++,40
cg02370100,21,ABCG1,92.72,20.09,"53.3533 , 132.0941",3.91E-06,+++++++?+++++--+,35.8
cg02397552,13,CLN5,64.47,10.76,"43.3802 , 85.5647",2.08E-09,+++-++++++++-+++,40.6
cg02402882,5,GPBP1,-78.77,12.94,"-104.1386 , -53.4086",1.15E-09,----------------,50
cg02431260,11,ESAM,95.83,16.68,"63.1427 , 128.5132",9.12E-09,++++++-?++++--+-,33.5
cg02449762,10,ASB13,58.61,9.63,"39.7371 , 77.4858",1.15E-09,++-+++-+++-++---,59.1
cg02461269,6,ARID1B,-88.66,14.83,"-117.7243 , -59.5988",2.24E-09,----------------,42.6
cg02462416,11,H19,47.58,8.19,"31.5153 , 63.6359",6.39E-09,++++++-?++++-+++,24.8
cg02473287,2,YWHAQ,-90.98,16.56,"-123.4362 , -58.5159",3.95E-08,---+--+-----++--,46.4
cg02499214,12,RHOF,96.92,17.63,"62.3607 , 131.4822",3.87E-08,+++++++-++++++++,37.8
cg02504211,3,XXYLT1,88.08,17.26,"54.2461 , 121.9174",3.36E-07,+++++++-+++++++-,0
cg02573176,8,SLC10A5,-54.41,10.05,"-74.1116 , -34.7177",6.14E-08,---+--+---+-----,53.1
cg02577963,19,KDM4B,72.74,12.14,"48.9478 , 96.5378",2.08E-09,++++++++++-++-++,47.4
cg02583484,12,HNRNPA1,93.30,14.89,"64.1107 , 122.4876",3.73E-10,++++++++++++----,35.4
cg02589672,22,TEF,-122.27,26.73,"-174.6661 , -69.8835",4.78E-06,--+----------+--,12.9
cg02640173,2,GLI2,-51.90,8.66,"-68.8716 , -34.9254",2.06E-09,------------+---,0
cg02704502,11,H19,61.50,9.84,"42.206 , 80.7907",4.16E-10,++++++--++++++++,0
cg02753354,19,HMHA1,-112.74,15.60,"-143.3067 , -82.1721",4.87E-13,----------------,12.1
cg02821342,7,LINC-PINT,-66.90,14.56,"-95.441 , -38.3566",4.35E-06,--+---+?--+-----,63.8
cg02835421,1,IPO13,-83.49,19.37,"-121.4586 , -45.5276",1.63E-05,------+--++--+--,14.4
cg02855778,7,PTPRN2,74.89,13.44,"48.5464 , 101.2433",2.53E-08,+++-++-+++++++++,48.9
cg02892925,8,TOX,-46.88,7.50,"-61.5692 , -32.1865",4.00E-10,-------+----+---,0
cg02983090,16,IL21R,-68.10,8.91,"-85.5604 , -50.6298",2.14E-14,------+--+------,48
cg02988730,1,AMPD2,79.68,14.27,"51.717 , 107.6423",2.34E-08,+-++++++++-++++-,52.2
cg02997316,1,LMNA,-125.24,26.27,"-176.7327 , -73.7486",1.87E-06,------+---+----+,38.7
cg03047995,14,FITM1,-52.08,12.36,"-76.3142 , -27.8483",2.53E-05,------+---+-----,25.9
cg03048432,14,NIN,-46.49,10.87,"-67.795 , -25.1865",1.89E-05,---++-+---------,7.8
cg03059073,7,LINC00996,-51.12,10.17,"-71.0568 , -31.184",5.01E-07,-------?-----+--,10.7
cg03144619,1,GALNT2,29.26,6.15,"17.1986 , 41.3187",1.98E-06,+++++++?++-+-+-+,57.5
cg03162410,19,TECR,141.03,19.71,"102.3882 , 179.6672",8.45E-13,+++++++++++++-++,54.7
cg03173827,20,TCEA2,112.60,16.55,"80.1586 , 145.0401",1.03E-11,+++++++++++++++-,0
cg03180134,4,MAML3,50.30,11.53,"27.7013 , 72.8906",1.28E-05,+++++++-++++-++-,0
cg03247245,12,GRIP1,-73.76,16.19,"-105.5 , -42.0292",5.22E-06,----------------,25.9
cg03254465,1,PRDM16,56.55,8.91,"39.0965 , 74.0131",2.16E-10,+++++++++++++-+-,52.6
cg03278811,6,FOXO3,107.66,20.21,"68.0425 , 147.2695",1.00E-07,+++++++++++++-+-,18
cg03327570,2,ZEB2-AS1,-85.90,17.46,"-120.1336 , -51.6712",8.72E-07,---+--+--+---+--,67.2
cg03335624,5,ENC1,-69.71,12.32,"-93.8483 , -45.573",1.51E-08,-------?--+-+---,24.4
cg03337886,13,IRS2,58.22,13.82,"31.1297 , 85.3099",2.53E-05,++++++++++++--+-,48.8
cg03354508,6,STXBP5,-58.37,12.45,"-82.7819 , -33.9664",2.77E-06,-------?----+++-,21.2
cg03390636,15,ARNT2,-50.26,9.96,"-69.7732 , -30.7393",4.49E-07,------+--++-----,54.2
cg03444940,16,TSC2,50.68,10.24,"30.6184 , 70.7438",7.38E-07,++++++-+++++--+-,27.7
cg03445287,8,XPO7,-62.42,15.03,"-91.8674 , -32.9678",3.27E-05,----------+---+-,0
cg03467001,1,RGL1,-53.71,13.34,"-79.8667 , -27.5564",5.70E-05,---------++-----,39.1
cg03469471,7,NOS3,129.16,20.93,"88.1464 , 170.1801",6.74E-10,++++++-+++++-+++,0
cg03471593,16,LPCAT2,-42.44,9.15,"-60.3794 , -24.5081",3.51E-06,----------+---+-,22.4
cg03486991,2,CYP27C1,-66.65,11.33,"-88.861 , -44.4479",4.03E-09,-----+----+--+--,49
cg03487027,10,ZNF503,46.41,8.84,"29.0795 , 63.7309",1.52E-07,+++-+++++++++-+-,0
cg03527802,16,BOLA2,90.47,14.22,"62.6042 , 118.334",1.97E-10,-++++++-++++--+-,57.7
cg03538922,16,KLHDC4,45.05,8.47,"28.4462 , 61.6451",1.04E-07,+++++-+-++-+-++-,24.9
cg03543319,2,PROKR1,-76.89,13.74,"-103.8145 , -49.9708",2.17E-08,-----+-------+-+,0
cg03565674,11,MOB2,96.51,16.87,"63.4474 , 129.5738",1.06E-08,+++++--+++++--+-,26.7
cg03573390,16,PLLP,44.56,9.06,"26.7919 , 62.3265",8.85E-07,+--++++?++++++--,0
cg03636488,12,EP400,45.97,9.78,"26.8027 , 65.1373",2.59E-06,++++++--++++-+++,6.7
cg03661409,2,GLS,-95.66,18.28,"-131.4778 , -59.8373",1.66E-07,------+?-++--+--,32.7
cg03677056,17,SLFN12L,-52.49,12.97,"-77.915 , -27.0633",5.21E-05,--+--+-+--------,0
cg03679544,6,TIAM2,50.00,10.53,"29.3596 , 70.6498",2.06E-06,+++++++-++-+-+-+,39.7
cg03687532,16,FTO,-59.02,9.87,"-78.3559 , -39.6822",2.20E-09,------------++--,16.2
cg03717364,2,HAAO,41.40,8.63,"24.4865 , 58.3224",1.61E-06,++++++++++++++++,0
cg03726147,1,DMAP1,65.41,15.13,"35.7478 , 95.0706",1.55E-05,-+-+++++++-++-+-,58.7
cg03726357,8,DUSP4,-60.89,12.87,"-86.1164 , -35.6723",2.22E-06,------+------+--,48.8
cg03753191,13,EPSTI1,-88.26,15.25,"-118.1495 , -58.3665",7.16E-09,----------+--+--,16.1
cg03764274,17,OXLD1,95.13,18.07,"59.7174 , 130.5351",1.40E-07,++++++++++-++++-,25.1
cg03796381,15,C15orf41,-68.10,10.90,"-89.4567 , -46.7447",4.10E-10,-------?--------,21.1
cg03841312,22,MIRLET7BHG,63.07,12.30,"38.9617 , 87.1803",2.94E-07,++++++++++-++++-,3.5
cg03850035,2,EPHA4,-51.50,12.07,"-75.1632 , -27.8431",1.99E-05,------+-------+-,53.4
cg03875678,14,GZMB,-59.02,12.38,"-83.2922 , -34.7524",1.87E-06,-------------+--,14.1
cg03930153,3,TBL1XR1,-26.97,7.59,"-41.8403 , -12.105",0.0003768,----+-+?-++-----,36.9
cg03969902,1,LINC00982,35.14,7.26,"20.8994 , 49.3709",1.32E-06,++-++-+++++++-+-,16.1
cg03996020,7,DNAJB6,51.72,8.29,"35.4696 , 67.9606",4.39E-10,++++++--++++-+++,37.4
cg04004830,2,SDPR,-75.58,15.82,"-106.587 , -44.5661",1.78E-06,+-++-+----------,32.8
cg04011671,2,HAAO,62.84,11.42,"40.4605 , 85.2211",3.73E-08,+++++++?++++++++,42
cg04031093,1,NTPCR,-48.28,10.41,"-68.6901 , -27.8681",3.55E-06,-+--+++--------+,29.3
cg04052013,11,TNNT3,115.60,18.72,"78.9119 , 152.2953",6.60E-10,+++++++++++++++-,0
cg04069539,16,ACSF3,60.17,10.47,"39.6503 , 80.6986",9.11E-09,++++++-+++++-++-,61.4
cg04070976,17,LLGL2,93.32,13.04,"67.7684 , 118.8732",8.18E-13,++++++-+++++++++,42.1
cg04189326,14,CDC42BPB,-56.29,11.98,"-79.7747 , -32.8135",2.61E-06,------+--+--+---,20.1
cg04206967,8,TRHR,54.42,10.30,"34.219 , 74.6117",1.29E-07,+++++++++++++-+-,15.6
cg04221117,10,CELF2,106.93,21.01,"65.7527 , 148.1162",3.59E-07,++++-++++-+++-+-,39.1
cg04221877,1,RUNX3,92.02,18.79,"55.1894 , 128.855",9.74E-07,++-+++-+++-++++-,51.3
cg04222728,7,KIAA1549,-117.15,20.70,"-157.72 , -76.5735",1.52E-08,-------?--+-----,50.7
cg04246167,3,C3orf67,-76.04,11.99,"-99.5384 , -52.5464",2.25E-10,---------+------,57.6
cg04276057,2,C2orf82,78.37,17.79,"43.5018 , 113.2286",1.06E-05,++++++-+++-++---,26.6
cg04304130,6,SMIM13,63.09,11.33,"40.8811 , 85.3068",2.59E-08,+++++++++++++++-,0
cg04310331,11,MRPL23-AS1,134.14,21.97,"91.091 , 177.1942",1.02E-09,+++++++-++++-++-,0
cg04324917,16,KLHDC4,49.94,11.32,"27.7567 , 72.1219",1.02E-05,+++++-+?++-++++-,21.5
cg04337944,22,FBLN1,71.97,15.33,"41.9269 , 102.0213",2.67E-06,++++++++++++---+,8.5
cg04396112,7,MAD1L1,39.83,7.07,"25.9631 , 53.6869",1.79E-08,+++++-+?++-+++++,0
cg04411893,3,SENP2,-115.94,20.30,"-155.7247 , -76.157",1.12E-08,------+---+--+--,44.7
cg04436755,15,LOXL1-AS1,75.87,13.70,"49.0095 , 102.73",3.09E-08,++++++++++++-+++,0
cg04454050,6,TREML1,-116.21,19.98,"-155.3637 , -77.0552",5.98E-09,-----+-------+-+,0
cg04460609,4,LDB2,-50.19,10.18,"-70.147 , -30.227",8.30E-07,---------+---+-+,0
cg04479212,3,ITGA9,75.42,11.34,"53.1907 , 97.6546",2.94E-11,+++++++?++++--+-,36.7
cg04497992,16,PRR35,-65.55,15.12,"-95.1836 , -35.9144",1.46E-05,------+--+--+-+-,49.3
cg04500896,2,LOXL3,78.09,12.68,"53.239 , 102.944",7.33E-10,++++++++++++--++,7.8
cg04522498,8,TRAPPC9,59.06,11.69,"36.1593 , 81.9663",4.32E-07,++++++-+++-++-+-,23.4
cg04523868,11,MAP4K2,80.43,18.67,"43.8437 , 117.0144",1.64E-05,+++++++?++++++-+,47
cg04554131,1,RUNX3,81.86,15.05,"52.3669 , 111.3464",5.31E-08,-+++++-+++++-+++,0
cg04608933,11,KCNQ1,96.37,22.94,"51.4037 , 141.3265",2.66E-05,+++++-+-++-+--+-,55.6
cg04682802,20,BTBD3,-34.02,7.74,"-49.1863 , -18.8551",1.10E-05,--+---+--+---+--,52.7
cg04821520,11,C11orf74,-43.71,10.18,"-63.6738 , -23.7502",1.77E-05,-+----++--+--+-+,32.7
cg04830471,19,CCDC155,-93.93,20.12,"-133.3656 , -54.4885",3.04E-06,------++------+-,22.5
cg04872675,12,TMEM119,120.54,11.23,"98.535 , 142.5499",6.93E-27,++++++++++-+++++,35.7
cg04884025,1,ZFYVE9,-74.91,14.62,"-103.575 , -46.2495",3.01E-07,------+-----++--,0
cg04904815,6,UNC5CL,-91.50,18.82,"-128.386 , -54.6213",1.16E-06,------+------+--,0
cg04912316,17,UBALD2,89.05,15.23,"59.1998 , 118.9064",5.01E-09,++++++++++++++++,24.1
cg04933530,14,IRF2BPL,-65.46,13.42,"-91.7502 , -39.1629",1.07E-06,------+--+--+-+-,57.1
cg04945379,16,CIITA,-84.58,16.43,"-116.7931 , -52.3715",2.65E-07,-------?--------,0
cg04968127,11,MRVI1,95.75,13.06,"70.1613 , 121.3478",2.25E-13,++++++--++++++++,38
cg04982834,1,EVI5,-46.11,11.50,"-68.6588 , -23.5673",6.10E-05,---+--+---------,0
cg04983687,16,ZFPM1,-39.63,9.67,"-58.5918 , -20.6718",4.19E-05,------+--+--+-+-,8.2
cg05012661,4,KIAA0232,-34.90,7.76,"-50.115 , -19.6946",6.86E-06,--+----+----+---,52.4
cg05056497,21,RCAN1,-55.30,7.62,"-70.2303 , -40.3663",3.91E-13,-------------+--,0
cg05057834,3,ITGA9,127.77,19.17,"90.2037 , 165.3437",2.63E-11,+++++++-++++--+-,30.9
cg05061471,11,CALCA,53.93,15.46,"23.6337 , 84.2318",0.0004851,+++++++-+++++--+,17.9
cg05099464,11,ARHGEF12,-39.18,11.85,"-62.4079 , -15.9466",0.0009483,----+-+---?-+?--,0
cg05119988,4,MSMO1,-53.65,8.61,"-70.5137 , -36.779",4.55E-10,------+---+-----,57.1
cg05135499,10,SKIDA1,41.34,6.97,"27.6773 , 54.9962",3.00E-09,++++++--++++++++,16.1
cg05141333,8,PLEC,101.33,20.02,"62.0931 , 140.573",4.16E-07,+++++++?+++++-+-,29.9
cg05155595,2,ANXA4,-63.30,13.12,"-89.0119 , -37.5887",1.40E-06,-------?--+--++-,31.4
cg05191655,4,TBC1D1,-84.17,14.35,"-112.3041 , -56.0407",4.51E-09,------+?-----+--,54.8
cg05208050,2,MOGS,-98.36,20.67,"-138.8718 , -57.8482",1.95E-06,------++----+---,24.8
cg05208178,2,INPP5D,104.66,20.13,"65.2169 , 144.1095",1.99E-07,-++-++++++++-+++,21.5
cg05294455,17,MYL4,68.32,12.89,"43.0629 , 93.5739",1.15E-07,++++++-?++++++++,18.8
cg05343289,1,SELP,-69.43,14.69,"-98.2202 , -40.6346",2.29E-06,-----++-----+-+-,46.8
cg05349624,21,COL18A1,47.16,9.21,"29.1142 , 65.201",3.01E-07,+++-++--++-+--++,18.1
cg05433805,3,LRRFIP2,-55.00,8.82,"-72.2877 , -37.7108",4.51E-10,------+?--+--+--,49.1
cg05460571,8,MFHAS1,62.40,13.12,"36.6772 , 88.1204",1.99E-06,++++++-++++++-++,5.6
cg05478824,17,ASPSCR1,128.59,20.97,"87.481 , 169.6924",8.72E-10,+++++++?++++++++,21.1
cg05503887,11,EHF,-72.22,14.76,"-101.1465 , -43.2901",9.93E-07,------++--------,0
cg05504759,3,DUSP7,84.35,17.84,"49.3767 , 119.3255",2.28E-06,++++++++++-+++++,0
cg05512157,12,DIP2B,67.20,12.00,"43.6741 , 90.7204",2.16E-08,?+-++++++++++?-?,11.8
cg05573767,6,RPS6KA2,36.27,6.40,"23.7145 , 48.8213",1.49E-08,++++++--+++++++-,0
cg05575921,5,AHRR,79.59,13.38,"53.3712 , 105.8185",2.70E-09,+++++++?+++++++-,4.8
cg05593411,5,PDE4D,82.99,15.48,"52.6547 , 113.3317",8.24E-08,++++++-+++++-+-+,58.3
cg05648303,4,SCOC,-38.57,7.73,"-53.72 , -23.418",6.06E-07,-------?-++-----,59.5
cg05779272,9,B4GALT1,162.63,21.85,"119.7981 , 205.4576",9.90E-14,+++++++++++++++-,37
cg05799596,13,RASA3,63.06,13.55,"36.4994 , 89.6254",3.27E-06,+++++++-++-++-+-,44
cg05814312,10,PTCHD3P1,-45.00,9.53,"-63.6786 , -26.3263",2.33E-06,-----++---+-----,14.5
cg05851442,7,HOXA3,52.92,9.04,"35.1941 , 70.6466",4.87E-09,++++++++++-++-++,0
cg05894462,7,PTPRN2,59.06,11.00,"37.5105 , 80.612",7.81E-08,++++++-++++++-++,45.4
cg05901196,10,CCDC6,72.93,12.15,"49.1214 , 96.7307",1.92E-09,+++-++++++++-?+?,25.3
cg05910124,8,TRAPPC9,61.24,12.18,"37.3719 , 85.1142",4.94E-07,++++++--++++++++,0
cg05922714,16,N4BP1,-43.71,9.78,"-62.8825 , -24.5373",7.88E-06,--+---??-+----?-,49.1
cg05925497,11,ARHGAP42,-50.14,9.69,"-69.137 , -31.1519",2.28E-07,-------?-----+--,17.2
cg05935520,5,CDH18,-51.28,12.85,"-76.4578 , -26.0984",6.57E-05,-+----+--++--+--,10
cg05942111,12,RASSF3,-71.05,14.57,"-99.6055 , -42.5033",1.07E-06,------+-----+---,39.1
cg05950943,16,NTN3,-124.68,21.63,"-167.0701 , -82.2942",8.15E-09,-------+-----+--,30.8
cg06001419,7,FOXK1,-55.37,11.51,"-77.9239 , -32.8076",1.51E-06,------+-----+---,23.1
cg06072822,13,MCF2L,99.72,19.26,"61.967 , 137.4736",2.25E-07,++-++++-++++--+-,49.2
cg06079495,10,RAB11FIP2,-46.19,13.99,"-73.6186 , -18.7711",0.0009614,---------+-+--+-,52.4
cg06178669,11,HRASLS2,-38.95,9.01,"-56.6018 , -21.3014",1.52E-05,---+--+------+-?,0
cg06231285,7,LRCH4,51.30,10.54,"30.6486 , 71.9556",1.12E-06,++++++-+++-++++-,46.4
cg06336535,19,FCHO1,72.97,14.76,"44.0382 , 101.895",7.66E-07,+++-+++?++++-+++,0
cg06378491,11,MAP4K2,206.11,24.65,"157.8009 , 254.4113",6.12E-17,++++++++++-+++++,51
cg06388350,4,PDLIM5,-65.23,10.63,"-86.0732 , -44.3918",8.52E-10,------+?-+------,62.4
cg06405563,17,MYO15B,56.87,10.33,"36.6242 , 77.1159",3.68E-08,++++++-+++-++-++,18.8
cg06452184,4,ADGRL3,51.98,10.47,"31.4723 , 72.4967",6.79E-07,++?+++-?++++++-+,38.9
cg06462065,19,TMEM190,86.27,16.10,"54.7062 , 117.835",8.46E-08,+-++++++++++-+++,35.1
cg06478823,16,ACSM3,-55.36,8.00,"-71.045 , -39.6678",4.65E-12,---+---?--------,0
cg06500792,2,LOC400958,-70.40,12.74,"-95.3709 , -45.4302",3.28E-08,------+?--------,42.7
cg06535156,6,TIAM2,67.57,18.74,"30.8388 , 104.2954",0.0003113,+++++++-++-+-+-+,43.9
cg06560379,6,NFKBIE,126.43,22.61,"82.1083 , 170.7569",2.26E-08,++++++++++++++-+,41.9
cg06612130,4,LOC728175,-81.13,12.19,"-105.0225 , -57.2393",2.82E-11,------+-----++--,20.6
cg06634552,6,RNF182,-93.30,16.98,"-126.5936 , -60.0143",3.94E-08,-------+----+--+,25
cg06673684,13,MCF2L,65.48,8.53,"48.7638 , 82.1936",1.62E-14,+++++++++++++-+-,8.8
cg06685437,17,RAI1,68.74,12.72,"43.8025 , 93.6775",6.56E-08,++++++--++-++-++,39.5
cg06775523,1,MEGF6,40.44,9.08,"22.6413 , 58.2487",8.49E-06,+++++-++++++++++,0
cg06850687,12,SMARCC2,-73.97,13.26,"-99.9537 , -47.9883",2.41E-08,------++--+-++--,52.6
cg06870470,19,DOCK6,-61.49,11.07,"-83.1911 , -39.7877",2.80E-08,--+--+----+-----,0
cg06872313,12,ATF7IP,-62.35,11.98,"-85.819 , -38.8768",1.93E-07,--+-------------,0
cg06874403,10,SKIDA1,56.77,13.07,"31.1495 , 82.3959",1.41E-05,++++++-+++++-+-+,7.8
cg06890610,16,SNX29,50.89,11.99,"27.3911 , 74.38",2.19E-05,+++++++++++++-+-,39.7
cg06898463,10,PBLD,-46.68,11.28,"-68.778 , -24.5793",3.47E-05,------+-----+---,58.4
cg06937357,14,PACS2,153.43,25.06,"104.3113 , 202.5522",9.23E-10,+++-++++++++-++-,54.3
cg06967124,5,FLT4,57.40,10.69,"36.4508 , 78.34",7.83E-08,+++-++++++++-+++,28.2
cg06996175,19,GNG7,67.59,13.55,"41.0307 , 94.1562",6.12E-07,+-++++++++++++++,0
cg07042014,14,LTB4R,-82.11,16.76,"-114.9558 , -49.2704",9.57E-07,----------+--+--,41.6
cg07102001,16,KLHDC4,50.39,12.61,"25.6633 , 75.1107",6.48E-05,-++++--++++++++-,0
cg07105221,7,RADIL,49.26,8.17,"33.2569 , 65.2707",1.62E-09,++++++--++-+--+-,36.4
cg07116631,16,TIGD7,-55.66,12.28,"-79.7358 , -31.584",5.86E-06,-----+-------+--,55.9
cg07133097,2,GLI2,-30.72,4.82,"-40.1651 , -21.2788",1.81E-10,-------+----++--,18
cg07137429,10,PYROXD2,-83.73,15.43,"-113.9621 , -53.4913",5.71E-08,-------------+--,0
cg07144560,5,CSNK1A1,-119.12,13.63,"-145.8413 , -92.4",2.38E-18,------+------+--,54.2
cg07157107,8,CHRNA6,-65.42,12.40,"-89.7319 , -41.114",1.33E-07,---------+---+--,59.1
cg07168232,1,LAMB3,-75.09,11.47,"-97.5723 , -52.6113",5.87E-11,----------------,0
cg07177115,2,IL36A,-94.12,17.85,"-129.1085 , -59.1322",1.35E-07,------++--+-+---,33.8
cg07211044,8,TOX,-40.80,7.64,"-55.7702 , -25.829",9.21E-08,-------+-----+--,0
cg07243202,8,NDRG1,-58.11,11.88,"-81.3886 , -34.8337",9.93E-07,----------------,42.6
cg07248377,16,MGRN1,64.56,12.90,"39.264 , 89.8467",5.65E-07,++++++--+++++++-,0
cg07285708,3,TATDN2,149.77,23.69,"103.3463 , 196.2033",2.57E-10,++++++++++++++-+,52.5
cg07313835,1,POU2F1,-80.96,18.38,"-116.9871 , -44.9293",1.06E-05,----+-+?-+----+-,51
cg07313882,17,TMC6,134.19,18.96,"97.0402 , 171.3496",1.45E-12,++++++++++++--++,5.8
cg07317017,15,LOXL1-AS1,110.64,15.51,"80.2423 , 141.0426",9.79E-13,+++++++-++++++++,0
cg07340025,5,ANKH,-52.74,8.85,"-70.0921 , -35.3943",2.54E-09,----------+-+---,0
cg07397493,11,MRPL23-AS1,104.29,14.05,"76.7576 , 131.8171",1.13E-13,++++++++++++++++,0
cg07443710,10,TSPAN15,-64.72,11.92,"-88.0801 , -41.3616",5.62E-08,------+--+------,44.9
cg07452706,14,NUDT14,121.27,18.84,"84.3433 , 158.1882",1.22E-10,-+++++-+++-+++++,48.4
cg07488576,2,SDPR,-108.26,23.20,"-153.7379 , -62.7801",3.08E-06,--++---?-+-----+,0
cg07552087,16,MLST8,-56.63,12.52,"-81.1584 , -32.0919",6.07E-06,-------?----+---,50.7
cg07565042,11,RNF141,-55.35,12.98,"-80.7956 , -29.9024",2.02E-05,------+--+----+-,47.9
cg07565551,2,OSBPL6,-62.27,14.29,"-90.2806 , -34.2682",1.31E-05,---------+----+-,41.6
cg07565956,17,ZBTB4,89.94,17.40,"55.8446 , 124.0407",2.34E-07,+++++++?++++++-+,44.6
cg07579839,4,MFSD10,155.59,30.51,"95.7873 , 215.3989",3.41E-07,+++++++?++++++++,49.2
cg07589393,7,SKAP2,-67.19,13.78,"-94.2071 , -40.1708",1.09E-06,-------?-++-----,29.9
cg07624815,3,FGD5,165.09,28.42,"109.3788 , 220.8013",6.32E-09,+-+++++-++++-++-,26.7
cg07626482,19,SLC1A5,108.55,21.47,"66.4802 , 150.6273",4.26E-07,-++-+++++++++--+,31.1
cg07638500,3,MYLK,80.93,13.84,"53.8073 , 108.0605",4.98E-09,+++++++++++++-++,0
cg07677157,12,RPSAP52,-51.06,7.77,"-66.2909 , -35.8274",5.03E-11,--?----?--------,0
cg07696514,8,IKBKB,65.44,15.06,"35.9273 , 94.9471",1.39E-05,++-++++-++++++++,0
cg07699546,1,NAV1,-53.43,12.43,"-77.7873 , -29.0645",1.72E-05,-----+++-----+--,0
cg07702888,1,RHBG,-82.21,16.56,"-114.6797 , -49.7452",6.94E-07,----+-+?----+---,46.1
cg07714085,2,PRKCE,-74.85,16.13,"-106.469 , -43.231",3.49E-06,---------++-----,47.8
cg07732037,12,MPHOSPH9,54.64,8.53,"37.9273 , 71.3525",1.47E-10,-+++++-+++++-++?,55.5
cg07795325,4,CAMK2D,-65.54,12.18,"-89.4086 , -41.676",7.34E-08,-------?------+-,55.5
cg07807757,7,GRB10,-96.20,13.86,"-123.3714 , -69.022",3.97E-12,------+---+-+---,40.7
cg07814318,15,KLF13,55.69,11.29,"33.5671 , 77.8201",8.08E-07,+-+++++++++++++-,8.1
cg07815836,19,ZNF274,-64.58,13.31,"-90.6682 , -38.4954",1.22E-06,+----+-?----++--,19.2
cg07824636,1,DUSP10,-60.75,11.21,"-82.718 , -38.7799",5.97E-08,---+------+-----,52.2
cg07830855,6,DST,-67.42,14.95,"-96.7092 , -38.1241",6.45E-06,------+--+--+---,0
cg07850246,11,C11orf40,-43.26,10.34,"-63.5178 , -22.9951",2.86E-05,------+---+-----,10.6
cg07858848,2,HAAO,-29.10,10.49,"-49.6546 , -8.5379",0.005537,--+-+-++-+---++-,15.6
cg07951201,13,METTL21C,-39.45,9.01,"-57.1103 , -21.7846",1.20E-05,------+?--------,50
cg07970325,6,PRDM1,-62.32,12.61,"-87.0408 , -37.6013",7.76E-07,-------------+--,39.2
cg07996594,1,RUNX3,69.07,12.68,"44.2198 , 93.9255",5.11E-08,+++++++++++++-+-,15.8
cg08026735,2,VWA3B,-73.54,14.00,"-100.9843 , -46.0932",1.51E-07,-------+--+-----,15.4
cg08032483,16,CLCN7,42.21,9.65,"23.2923 , 61.1316",1.23E-05,++++++--+++++-+-,0
cg08101036,7,HOXA3,50.37,10.71,"29.3828 , 71.3598",2.55E-06,+++-++-+++-+++++,5.9
cg08108224,6,PRIM2,-79.62,13.00,"-105.0898 , -54.1411",9.03E-10,------+---?--+--,30.4
cg08217545,19,NFIC,-46.98,10.18,"-66.9271 , -27.0348",3.90E-06,----+-+?--------,50.4
cg08250921,16,BANP,44.36,9.44,"25.8565 , 62.8671",2.62E-06,++++++--++++++++,56.8
cg08264519,14,BRF1,81.13,17.55,"46.7226 , 115.5345",3.81E-06,+++-++-?++++++++,12.4
cg08274637,13,DLEU7-AS1,49.45,9.80,"30.2412 , 68.6523",4.51E-07,++++++++++-++-++,21.8
cg08282819,16,IL21R,-68.06,9.53,"-86.7326 , -49.3872",9.07E-13,------+--+------,53.8
cg08305942,16,MAF,-58.84,11.41,"-81.1985 , -36.4716",2.52E-07,---------+--+---,40.3
cg08351131,17,HEXIM2,-53.19,12.81,"-78.284 , -28.0861",3.28E-05,----++----------,0
cg08362785,22,MKL1,74.29,16.19,"42.5499 , 106.0272",4.48E-06,+++++++?++---++-,0
cg08380440,11,MIR4686,45.44,10.24,"25.3755 , 65.5101",9.06E-06,++-++++?++-++?+?,0
cg08381620,13,LINC00327,-26.41,5.01,"-36.2197 , -16.5928",1.34E-07,------++-----+--,0
cg08400424,5,ARHGAP26,-69.35,13.10,"-95.0254 , -43.6784",1.19E-07,-+----+------+--,26.5
cg08404702,16,TSC2,94.28,9.23,"76.1995 , 112.364",1.62E-24,+++++++?++++++++,34.4
cg08420923,16,ANKRD11,63.23,10.78,"42.0978 , 84.3537",4.48E-09,++++++-?++++++++,63.5
cg08422803,21,ITGB2,54.80,12.75,"29.8182 , 79.7871",1.71E-05,++++-+--++-+++++,56.8
cg08441314,11,SORL1,-69.30,13.79,"-96.3334 , -42.265",5.05E-07,-------------+--,37.1
cg08447200,22,PANX2,53.87,8.84,"36.5486 , 71.192",1.09E-09,++++++-?+++++++-,20.1
cg08471846,19,PTBP1,73.74,15.08,"44.1929 , 103.2971",1.00E-06,+++-++++++-++--+,46.3
cg08474929,11,UPK2,138.16,24.48,"90.179 , 186.1447",1.67E-08,++++++-+++++++++,6.3
cg08530838,5,TRIM36,91.26,16.80,"58.3239 , 124.1985",5.61E-08,++++++--++++++++,54
cg08549335,7,ZNRF2,-47.08,9.21,"-65.1349 , -29.0194",3.23E-07,-------------?+?,26.5
cg08571918,2,LINC01114,37.34,10.27,"17.2157 , 57.4588",0.0002759,+++++++?++-+--+-,17
cg08627825,22,LINC00229,78.45,16.04,"47.0089 , 109.8979",1.01E-06,+++++-+-+-++++++,0
cg08643339,4,GALNTL6,-66.54,10.81,"-87.7218 , -45.3503",7.48E-10,+-----+------+--,63.4
cg08706907,11,ATG13,106.68,20.06,"67.3538 , 146.0029",1.06E-07,++++++++++++-+++,6.6
cg08755703,16,IRX3,-55.23,9.28,"-73.4188 , -37.0322",2.69E-09,-------+--------,26.4
cg08756594,11,LSP1,80.06,18.81,"43.1962 , 116.9297",2.08E-05,+++-+++++++-+++-,1.1
cg08787968,11,WT1,-39.84,7.06,"-53.685 , -25.9942",1.70E-08,---+--+---------,0
cg08817867,17,ALDH3A1,-63.87,11.97,"-87.3382 , -40.4082",9.54E-08,--+--++---+-----,0
cg08818716,7,RADIL,92.73,18.60,"56.264 , 129.194",6.22E-07,-++-+++?+++-+-++,55.9
cg08832695,17,HOXB-AS3,71.39,14.80,"42.375 , 100.3966",1.42E-06,+++++++++++++-+-,22.8
cg08854834,21,MAP3K7CL,-97.36,16.92,"-130.5244 , -64.2005",8.69E-09,---+------+--+--,0
cg08857310,17,LOC100507351,-135.41,28.98,"-192.2135 , -78.6009",2.98E-06,---+---------+--,10.9
cg08947774,4,PALLD,-53.52,10.81,"-74.7065 , -32.3325",7.38E-07,-----+-?-++-----,25.7
cg08958168,16,SLC12A4,89.72,16.35,"57.6664 , 121.7704",4.10E-08,+++++++++++++++-,24.3
cg09026568,22,TRABD,67.14,11.56,"44.4857 , 89.7892",6.28E-09,+++-+++++++++++-,0
cg09076584,17,SPAG5-AS1,67.51,14.31,"39.463 , 95.5579",2.39E-06,+++++++++++++++-,33.8
cg09098522,10,ZNF438,58.52,13.04,"32.9678 , 84.0705",7.16E-06,-+++++++++++++-+,58.1
cg09109520,16,ADGRG1,81.75,15.43,"51.5114 , 111.981",1.16E-07,++++++-+++++-+++,24.1
cg09113483,1,NFIA,25.82,6.20,"13.6709 , 37.9789",3.12E-05,+++++++++++-+---,29.9
cg09119776,10,SUFU,60.95,10.88,"39.63 , 82.2641",2.10E-08,++++++++++-+++++,0
cg09121543,17,LIMD2,65.80,12.83,"40.6578 , 90.9411",2.90E-07,+++++-+++++++-+-,33
cg09174162,7,MAD1L1,33.92,7.60,"19.0262 , 48.8062",8.03E-06,+++++-+?++-+++++,15.6
cg09187007,1,MEGF6,52.69,9.45,"34.1716 , 71.2179",2.46E-08,+++++-++++++++++,0
cg09220326,3,CDCP1,-53.82,11.24,"-75.8495 , -31.7902",1.68E-06,------+---+-+--+,0
cg09255514,16,ABCC1,-50.70,9.41,"-69.1448 , -32.2642",7.07E-08,------++-----+--,35.8
cg09273716,20,SOGA1,-55.42,11.48,"-77.9152 , -32.9178",1.38E-06,------+-----++--,14.8
cg09294084,13,MCF2L,69.73,9.24,"51.6267 , 87.8299",4.35E-14,++++++++++-++-++,0.9
cg09321238,1,PRDM16,139.43,20.25,"99.7336 , 179.1217",5.79E-12,+++-+++++++++--+,54.3
cg09340403,6,TNFAIP3,-41.26,8.87,"-58.6333 , -23.8787",3.27E-06,------+-----++--,22.2
cg09364590,6,TIAM2,66.81,15.48,"36.4786 , 97.1427",1.58E-05,++++++++++++-+-+,51.7
cg09379146,3,TIPARP,-52.31,9.95,"-71.8098 , -32.8113",1.46E-07,------+--+------,46.8
cg09427944,16,ZNF688,133.75,25.90,"82.9946 , 184.511",2.41E-07,+++++++-++++++++,44.7
cg09476997,16,SLC9A3R2,53.32,7.73,"38.1643 , 68.4838",5.42E-12,++++++-+++-+++++,25.8
cg09546258,11,GAL,-121.81,19.53,"-160.0845 , -83.5414",4.42E-10,----------------,36.1
cg09695430,11,WT1,-90.00,11.22,"-111.9825 , -68.0118",1.03E-15,----------------,0
cg09704401,2,SERTAD2,-46.81,10.32,"-67.0245 , -26.5871",5.70E-06,------+--+----+-,49.8
cg09726279,17,MYBBP1A,132.81,21.00,"91.6493 , 173.9749",2.55E-10,+++-++++++++--+-,25.7
cg09790270,1,SLC41A1,-80.83,15.24,"-110.6953 , -50.9701",1.12E-07,------+---+--+--,60.8
cg09825327,1,TRAF5,101.46,17.17,"67.8087 , 135.1119",3.43E-09,+++++++-++-+--+-,0
cg09888330,1,SH2D2A,153.45,21.39,"111.5158 , 195.3839",7.38E-13,+++++++?++-+++++,0
cg09915396,17,RAP1GAP2,-87.10,13.72,"-113.9837 , -60.2144",2.16E-10,---------+---+--,26.7
cg09935388,1,GFI1,24.57,4.79,"15.187 , 33.9614",2.88E-07,+++++++?++++++++,38.7
cg09990613,20,TCEA2,66.17,14.65,"37.4507 , 94.8809",6.29E-06,++++++-++++++-++,23.9
cg10073091,1,DHCR24,-189.24,25.46,"-239.1456 , -139.3353",1.07E-13,----------+--+--,0
cg10078415,16,ACSM3,-59.11,9.97,"-78.6608 , -39.5682",3.07E-09,---+------+--+--,34.1
cg10084993,16,SLC9A3R2,49.23,11.54,"26.6086 , 71.857",2.00E-05,+++++++-+++++-++,28.7
cg10090414,8,LINC01300,28.99,6.96,"15.3587 , 42.6308",3.08E-05,++++++++++-++++-,4.2
cg10117369,1,LAX1,-75.29,10.81,"-96.4877 , -54.0973",3.34E-12,------+------+--,0
cg10147974,12,WNT5B,-43.01,10.44,"-63.4627 , -22.5568",3.76E-05,------+-----++--,43.2
cg10173172,8,TMEM65,94.09,15.18,"64.3436 , 123.8367",5.66E-10,+++-+-++++++-+++,12
cg10181414,19,GNG7,52.99,9.84,"33.7095 , 72.2723",7.18E-08,+++++++?+++++++-,0
cg10317026,1,EFNA3,-156.01,23.03,"-201.1516 , -110.8617",1.26E-11,--+---++--------,48.1
cg10322443,14,MIR4708,92.10,16.88,"59.0085 , 125.1963",4.90E-08,++++++-+++++-+-+,59.6
cg10372921,15,LOXL1-AS1,99.26,12.02,"75.7118 , 122.8181",1.45E-16,+++++++-++++-+++,0
cg10397819,14,EIF2B2,118.26,21.54,"76.0347 , 160.4799",4.03E-08,++++++-?++++++++,33.1
cg10420527,11,LRP5,75.86,16.20,"44.1139 , 107.6111",2.82E-06,++++++++++++++++,61.2
cg10421188,7,CREB5,-61.82,12.58,"-86.4649 , -37.1697",8.84E-07,-+-----------+--,35.3
cg10423607,8,CPA6,-42.96,10.51,"-63.5688 , -22.3504",4.40E-05,--?+--+?--?----?,33.5
cg10430742,11,KCNJ1,-65.56,12.77,"-90.5994 , -40.5278",2.85E-07,------+-----+---,0
cg10453071,16,DOK4,94.59,14.28,"66.592 , 122.5784",3.53E-11,+++++++-+++++-+-,3.9
cg10469774,11,CD82,85.95,16.30,"54.0061 , 117.9",1.34E-07,++++++++++-+++-+,53.1
cg10547908,15,FAM174B,94.61,17.34,"60.6197 , 128.5975",4.88E-08,++-+++--+++++-+-,52.6
cg10576725,14,MMP14,-73.03,16.14,"-104.6648 , -41.4047",6.02E-06,---+--+---------,0
cg10583311,12,FBRSL1,68.44,11.89,"45.129 , 91.7524",8.70E-09,+++++++-++-++-+-,57.7
cg10601624,12,PLEKHG6,-41.93,10.43,"-62.3654 , -21.4961",5.78E-05,------+--+--+---,23.1
cg10615591,20,RTEL1-TNFRSF6B,66.31,17.56,"31.8878 , 100.7271",0.0001595,++++++-?+-+++-++,35.9
cg10665891,12,MAP1LC3B2,-35.69,6.86,"-49.148 , -22.2417",1.99E-07,------------++--,0
cg10670376,5,ARHGAP26,-148.80,24.77,"-197.3518 , -100.2499",1.89E-09,--------------+-,25.7
cg10671066,1,SLAMF6,-79.72,16.75,"-112.5515 , -46.887",1.95E-06,--------+-------,25.6
cg10735015,6,PHACTR2,-36.80,7.23,"-50.9623 , -22.6352",3.54E-07,------+--++-----,61.7
cg10755899,4,FGFR3,69.55,13.08,"43.9205 , 95.1797",1.05E-07,++++++++++-++++-,0
cg10780778,6,BTN3A2,-52.01,10.84,"-73.25 , -30.7687",1.59E-06,-------+--+---+-,30.1
cg10814005,14,GPR68,91.24,17.97,"56.0173 , 126.4652",3.83E-07,++++++--++++-+++,46.6
cg10829227,19,PRKD2,101.84,13.31,"75.7623 , 127.921",1.95E-14,+++++++++++++++-,7.9
cg10902738,8,ST3GAL1,-49.59,10.05,"-69.2868 , -29.8833",8.10E-07,------++-----+--,0
cg10905180,11,OR51E2,-33.17,6.61,"-46.122 , -20.2149",5.20E-07,----+--?-+------,23
cg10928544,14,CCDC88C,36.96,9.36,"18.6133 , 55.3106",7.87E-05,++++++--+-+++++-,0
cg10950251,1,PIK3C2B,-64.48,10.31,"-84.6934 , -44.2704",4.02E-10,-------+--------,32.1
cg11036672,4,TRMT44,76.85,14.83,"47.7757 , 105.9203",2.21E-07,+-+++++-++-++-++,4.5
cg11046602,17,SPOP,-80.68,15.01,"-110.0993 , -51.2645",7.63E-08,-------?--+--+--,54.8
cg11067407,11,ZW10,-68.82,11.92,"-92.1725 , -45.4605",7.70E-09,-------?-----+--,0
cg11077681,11,MRVI1,101.30,15.63,"70.6608 , 131.9471",9.20E-11,++++++++++++-+++,19.8
cg11115622,14,PLEKHG3,-64.86,13.05,"-90.4452 , -39.2731",6.75E-07,--+--++--+------,14.2
cg11125758,14,SEL1L,47.37,9.13,"29.4752 , 65.2604",2.12E-07,+++++++-+++++-++,23.8
cg11138362,1,PRDM16,104.01,12.92,"78.6757 , 129.3397",8.46E-16,+++++++?++++--+-,47.6
cg11261850,11,LRRC32,68.44,12.90,"43.1435 , 93.7274",1.14E-07,+++++++-++++-+++,6.9
cg11268834,2,MRPL44,101.09,13.69,"74.2536 , 127.9221",1.54E-13,+++-++-+++++-+++,31.7
cg11294761,17,CD7,95.70,20.08,"56.336 , 135.0553",1.89E-06,++++++--++++++++,19.1
cg11303839,7,CCL26,-49.89,6.34,"-62.315 , -37.4672",3.52E-15,----------------,0
cg11323439,11,CREB3L1,-71.04,15.40,"-101.2309 , -40.8541",3.98E-06,--+---+-----+---,41.4
cg11334730,6,LY86,69.05,13.19,"43.1863 , 94.9076",1.67E-07,+++++++?++++++-+,55.3
cg11368628,11,SYT8,-68.67,13.33,"-94.7907 , -42.5422",2.58E-07,-------?--------,42.5
cg11370064,3,ROBO1,59.22,9.30,"41.0027 , 77.4472",1.89E-10,++++++++++++-+++,32.6
cg11417612,12,BTBD11,-69.39,15.59,"-99.9548 , -38.8289",8.58E-06,-+----++--------,18.2
cg11474701,11,SC5D,-52.57,9.34,"-70.8679 , -34.2677",1.80E-08,-+----+---+-----,47.5
cg11539055,4,ANTXR2,61.46,12.58,"36.8128 , 86.1164",1.02E-06,++++++-?++++--++,18.4
cg11659663,11,MACROD1,-65.24,12.36,"-89.4638 , -41.0254",1.29E-07,--+----?--------,33.1
cg11701868,19,UHRF1,75.70,12.72,"50.7751 , 100.6184",2.63E-09,?+++++-++++++?-?,38.6
cg11835355,22,APOL3,-80.63,15.93,"-111.8526 , -49.3995",4.18E-07,------+?-----+--,34.8
cg11854981,6,TRERF1,-48.69,9.52,"-67.3416 , -30.0334",3.13E-07,----+-+?-+---+--,58.8
cg11935041,5,FAT2,-60.63,13.72,"-87.5296 , -33.7402",9.92E-06,-----+------+---,0
cg11950754,1,LRP8,81.50,12.10,"57.7743 , 105.2232",1.66E-11,+++++++++++++-++,39.5
cg12036877,1,PMF1-BGLAP,83.63,10.80,"62.455 , 104.8086",9.91E-15,+++++++++++++-+-,2.9
cg12048965,10,KLF6,-34.31,7.81,"-49.6183 , -19.0109",1.11E-05,--+-----+---++--,40.7
cg12050271,1,LINC00982,37.97,7.76,"22.7561 , 53.1859",1.00E-06,++-++++?+++++-++,11.4
cg12065777,17,TRPV2,-57.74,11.30,"-79.8925 , -35.5931",3.23E-07,------+?-+--+---,37.2
cg12103569,12,SFSWAP,49.67,10.85,"28.3928 , 70.9413",4.74E-06,++++++--++++-+++,5.2
cg12127149,14,DYNC1H1,55.32,11.23,"33.3174 , 77.3319",8.34E-07,+-+++++-++++-+-+,48.9
cg12149606,14,TMED10,56.51,9.75,"37.3991 , 75.6267",6.83E-09,+++++++?+++++++-,43.2
cg12158889,2,SUCLG1,-62.75,11.66,"-85.6134 , -39.8921",7.44E-08,-------------+--,53.8
cg12160087,12,CCDC64,76.34,14.02,"48.8627 , 103.8258",5.18E-08,+-+-+--?++++++++,18.9
cg12233463,15,TMC3,-37.54,8.63,"-54.4471 , -20.6243",1.36E-05,--++--+---+--+-?,32.8
cg12259522,13,TEX29,90.07,16.24,"58.2366 , 121.9043",2.93E-08,+-++++++++-+--++,32.5
cg12341429,2,TANK,-100.39,18.69,"-137.0293 , -63.7534",7.85E-08,-----++?--------,0
cg12374579,17,ASPSCR1,53.68,10.37,"33.3667 , 74",2.23E-07,++++++-?++++++++,60.1
cg12403889,1,DRAXIN,-90.48,17.03,"-123.8551 , -57.1148",1.07E-07,----------+--+--,11.5
cg12419863,6,PLAGL1,-68.20,11.41,"-90.5668 , -45.8329",2.28E-09,-------?--------,22.3
cg12434362,5,MIR583,-39.86,9.47,"-58.4145 , -21.3063",2.55E-05,--+----------+--,25.1
cg12532095,6,LINC00473,64.92,12.33,"40.7472 , 89.095",1.41E-07,+++++++-+++++-++,0
cg12547807,1,SPSB1,-94.70,16.88,"-127.7928 , -61.6134",2.03E-08,----------+--+--,26.3
cg12562461,17,PLEKHM1P,91.24,15.69,"60.495 , 121.9909",6.02E-09,++-++++++++++-+-,63.5
cg12593793,1,LMNA,-106.77,18.91,"-143.827 , -69.7164",1.63E-08,-------------+--,22.6
cg12594244,15,LOXL1-AS1,124.67,17.66,"90.0569 , 159.2896",1.68E-12,+++++++-++++++++,10.3
cg12655416,17,ORMDL3,102.19,20.23,"62.5385 , 141.8509",4.40E-07,++++++++++++-+++,0
cg12723026,1,KCNC4,68.14,7.96,"52.5447 , 83.7302",1.08E-17,++++++++++++-++-,54.6
cg12750675,7,BRAF,-68.87,10.92,"-90.2734 , -47.4643",2.86E-10,-----+-+-----+--,50.5
cg12781678,7,C7orf61,88.05,11.78,"64.9498 , 111.1443",7.93E-14,+++++++-+++++++-,0
cg12798040,14,XRCC3,109.21,11.28,"87.1104 , 131.3116",3.48E-22,+++++++++++++-++,42.6
cg12801067,12,LOC728084,-63.11,12.75,"-88.0954 , -38.1193",7.42E-07,----------------,38.8
cg12804755,11,SOX6,-60.93,8.32,"-77.2322 , -44.6205",2.42E-13,-------------+--,6.1
cg12876356,1,GFI1,20.86,3.97,"13.0894 , 28.6341",1.43E-07,+++++++?+++++++-,39.2
cg12949547,12,XRCC6BP1,-79.20,15.09,"-108.7784 , -49.6215",1.54E-07,------+------+--,19.5
cg13009654,5,EGR1,117.39,21.80,"74.6567 , 160.127",7.28E-08,+++-++++++++++--,47.3
cg13065228,8,FOXH1,-31.45,6.75,"-44.6802 , -18.2118",3.21E-06,-------+-----+--,57.4
cg13149245,15,PIF1,-44.79,10.27,"-64.9121 , -24.6689",1.28E-05,-------------++-,37.7
cg13182599,14,ZFP36L1,-86.85,17.09,"-120.3468 , -53.3513",3.74E-07,----------+----+,12.6
cg13203135,21,C21orf33,52.89,8.74,"35.7508 , 70.0309",1.47E-09,++++++-+++++++++,26.9
cg13222915,1,C1orf21,-68.75,13.09,"-94.4054 , -43.1034",1.49E-07,----+--?--------,18.2
cg13251842,22,MIRLET7BHG,52.70,9.44,"34.195 , 71.2088",2.39E-08,+++++++?++-++++-,19.7
cg13280041,6,NHSL1,97.21,11.23,"75.1959 , 119.2325",4.99E-18,++++++++++++++++,0
cg13282594,1,PMF1-BGLAP,92.17,14.69,"63.3765 , 120.968",3.52E-10,+++++++?+++++-+-,63
cg13425938,9,EGFL7,73.16,15.13,"43.5127 , 102.8162",1.32E-06,++++++-?+++++-++,2.1
cg13430173,9,PALM2-AKAP2,-79.04,17.07,"-112.505 , -45.5755",3.67E-06,------+--+----+-,17.2
cg13430552,2,DNMT3A,62.70,12.01,"39.1597 , 86.2398",1.78E-07,+++++++++++++-++,33.8
cg13458609,9,ENG,-49.02,12.38,"-73.2908 , -24.7454",7.55E-05,---+-----+--+-+-,34.1
cg13472584,1,PRDM2,-70.41,13.09,"-96.0665 , -44.7482",7.53E-08,-------------+--,34.7
cg13492133,1,SMG7,82.16,10.49,"61.6055 , 102.718",4.73E-15,++++++++++-+++++,14.8
cg13563026,4,ATP10D,-53.34,11.10,"-75.0944 , -31.5882",1.54E-06,------+--+---+-+,45.4
cg13586051,3,DNASE1L3,-88.40,11.05,"-110.0527 , -66.7472",1.23E-15,------+?--------,48.3
cg13594630,12,KIAA1551,-77.94,14.90,"-107.138 , -48.7338",1.69E-07,-------?-----+--,0
cg13594903,9,STOML2,116.95,23.58,"70.7422 , 163.1593",7.03E-07,+++-++-+++++--++,51.8
cg13597554,15,FAM227B,-54.05,9.11,"-71.9084 , -36.1825",3.03E-09,---+-+----+--+-+,50.2
cg13598409,20,KCNK15,-93.37,18.41,"-129.4616 , -57.2805",3.96E-07,---+--+-----+---,13.4
cg13599248,6,SLC17A5,-46.19,8.48,"-62.8161 , -29.5625",5.18E-08,----------------,0
cg13601957,8,TOX,-70.70,12.77,"-95.7284 , -45.6799",3.06E-08,--+---+---+--+--,60.3
cg13631444,8,TRHR,37.17,8.38,"20.746 , 53.6006",9.20E-06,++-+++++++++++++,9.9
cg13638420,11,WT1,-62.76,10.21,"-82.7714 , -42.7472",7.91E-10,------------++--,0
cg13641903,11,WT1,-64.85,10.75,"-85.9208 , -43.7745",1.63E-09,---+----------++,53
cg13687834,10,PITRM1,-47.91,9.19,"-65.9176 , -29.8993",1.85E-07,---------------?,23.2
cg13696490,3,MIR548H2,-54.84,9.70,"-73.8518 , -35.8224",1.58E-08,-----+-+--+--+--,24.2
cg13719443,6,LOC285847,98.30,16.05,"66.8453 , 129.7571",9.06E-10,+++-+++?+++++-+-,59.3
cg13725803,13,GUCY1B2,-53.49,8.86,"-70.8642 , -36.1172",1.59E-09,------+?--+-----,0
cg13740339,9,FBP1,-92.79,14.81,"-121.8238 , -63.7627",3.73E-10,--+-------------,0
cg13742400,2,DOCK10,-98.19,13.31,"-124.2874 , -72.1017",1.63E-13,-+-+------------,37
cg13758780,9,DAB2IP,118.17,13.45,"91.8197 , 144.5297",1.52E-18,+++++++?++++++++,43.3
cg13827209,9,TGFBR1,89.65,19.22,"51.9787 , 127.3152",3.09E-06,+++-+++?++++++-+,14.8
cg13869942,1,THEM4,-39.08,7.15,"-53.0837 , -25.0683",4.56E-08,-------?--+--+--,29.6
cg13872898,2,GLI2,-26.80,4.21,"-35.0385 , -18.5546",1.86E-10,------------++--,34.2
cg13888509,15,STRA6,67.09,12.56,"42.4656 , 91.7185",9.30E-08,++++++-+++++++--,23.8
cg13904214,7,RBM33,98.38,12.95,"72.9966 , 123.763",3.04E-14,++++++++++++++++,26.4
cg13928490,13,GUCY1B2,-39.37,7.91,"-54.8771 , -23.8587",6.52E-07,----------+-----,0
cg13937905,12,RARG,96.36,15.93,"65.1368 , 127.5874",1.46E-09,++++++++++-++++-,31.6
cg13951007,1,LOC728989,-78.88,18.76,"-115.6611 , -42.1057",2.62E-05,---------+---+--,34.9
cg13963033,5,03-Mar,-43.20,10.46,"-63.7095 , -22.6945",3.64E-05,------+?-+--+---,25.5
cg13993914,9,NELFB,88.74,15.16,"59.0203 , 118.4599",4.85E-09,+-++++-?++++++++,54.3
cg13995854,7,ST7,-43.95,8.80,"-61.2023 , -26.6957",5.96E-07,---+---?--+-----,29.9
cg14001239,10,PTCHD3P1,33.38,7.46,"18.7651 , 47.9976",7.59E-06,+++++-+++++-+++-,9.6
cg14035521,9,POLR1E,150.45,21.95,"107.4336 , 193.4709",7.14E-12,+-+++++++++++-++,54.5
cg14071925,19,LILRA2,-70.80,14.36,"-98.9407 , -42.655",8.19E-07,---+------+-----,61.2
cg14090409,17,CCDC57,117.39,20.64,"76.9247 , 157.8454",1.30E-08,++++++++++++-++-,9.8
cg14096899,2,LOC150935,57.78,8.40,"41.3223 , 74.2451",5.98E-12,++++++++++-+++++,24.4
cg14105680,2,IL37,-40.82,10.11,"-60.6373 , -21.0122",5.38E-05,---+-++------+--,27.9
cg14154456,6,IBTK,-37.36,8.25,"-53.5371 , -21.1873",5.97E-06,---------++--+--,43.4
cg14161821,9,KDM4C,-43.94,9.12,"-61.8032 , -26.068",1.44E-06,------+--++-----,54.9
cg14177925,14,OR4E2,-72.63,12.70,"-97.5273 , -47.7337",1.08E-08,-------------+--,38.7
cg14184907,12,LINC00936,-97.08,16.98,"-130.3601 , -63.8065",1.08E-08,--+---+------+--,38.4
cg14195992,8,SPIDR,101.61,15.34,"71.5432 , 131.6838",3.52E-11,+++++++-+++++-++,30
cg14209730,2,LGALSL,-95.73,18.41,"-131.813 , -59.6464",1.99E-07,-------?--------,29.5
cg14242936,12,GRASP,55.81,9.02,"38.1333 , 73.4921",6.11E-10,+-+-+++-+++++-++,3.6
cg14251267,20,ZBTB46,29.94,6.93,"16.3506 , 43.5253",1.57E-05,++++++--++-+++++,23
cg14292823,8,TIGD5,134.22,19.41,"96.1766 , 172.2581",4.67E-12,++++++-+++++----,48.8
cg14311362,2,GLI2,-44.86,7.35,"-59.2761 , -30.4449",1.07E-09,------------++--,16.5
cg14387452,9,MLLT3,-65.06,13.65,"-91.812 , -38.307",1.87E-06,----+++---+-----,48.8
cg14397120,9,QSOX2,104.23,17.00,"70.912 , 137.5385",8.67E-10,++++++-+++++--+-,12.7
cg14435807,15,LOXL1-AS1,122.47,17.16,"88.8425 , 156.1066",9.50E-13,++++++++++++++++,4
cg14459032,9,PCSK5,-82.85,11.84,"-106.045 , -59.6468",2.57E-12,------------+---,0
cg14527110,5,P4HA2,-74.69,17.69,"-109.3651 , -40.0148",2.42E-05,---------++--+--,15.7
cg14541011,9,RALGDS,69.41,12.85,"44.2233 , 94.5981",6.62E-08,++++++++++++-++-,55.7
cg14548802,9,COL5A1,64.34,9.97,"44.8124 , 83.8752",1.07E-10,++++++-+++++--++,40.3
cg14550985,11,RIN1,85.60,16.19,"53.8753 , 117.3332",1.24E-07,+++-+++-++++++++,0
cg14704980,7,INHBA,-47.92,9.90,"-67.3287 , -28.5125",1.30E-06,---------+---+--,15.5
cg14717666,4,SYNPO2,-59.45,10.12,"-79.2874 , -39.6191",4.23E-09,----+-+------+--,37.4
cg14722693,8,CSGALNACT1,-81.56,12.74,"-106.5349 , -56.5818",1.55E-10,------+--+------,37
cg14731462,10,PTPRE,-62.49,11.95,"-85.9147 , -39.0649",1.71E-07,-------?-++-++--,4
cg14751481,12,FBRSL1,59.92,13.55,"33.3664 , 86.4724",9.74E-06,+-+++-+++++++-+-,17.3
cg14765414,13,MCF2L,101.29,16.93,"68.0995 , 134.4826",2.21E-09,++++++-+++++-++-,22.1
cg14774305,5,WNT8A,-126.39,18.85,"-163.3324 , -89.4559",1.99E-11,----------+-----,37.6
cg14785527,10,STAMBPL1,-57.08,11.67,"-79.9593 , -34.2008",1.01E-06,+-----+---+-----,23.8
cg14827643,4,RGS12,71.32,12.88,"46.0822 , 96.5545",3.04E-08,++-++++++++++---,56.4
cg14827929,4,TLR3,67.25,10.73,"46.2182 , 88.2797",3.67E-10,++-++++++++++++-,0
cg14839898,11,TIMM8B,-158.72,28.76,"-215.0949 , -102.3524",3.41E-08,-------+--+---+-,52
cg14875081,2,DUSP2,94.92,18.86,"57.9445 , 131.8909",4.86E-07,+++++++-+++--++-,42.2
cg14909179,11,CHID1,35.50,6.92,"21.9299 , 49.0637",2.93E-07,+++-++-+++++-?+?,48.2
cg14975410,3,TNIK,-48.45,9.90,"-67.855 , -29.0413",9.93E-07,-----++---+--+--,54.4
cg14987354,14,LINC00911,-85.82,17.40,"-119.932 , -51.7105",8.17E-07,---+---+----+---,0
cg14992524,8,SOX7,77.22,13.52,"50.7281 , 103.7118",1.11E-08,+++-+++?+++---++,39
cg14994947,1,SLC30A7,-53.40,12.63,"-78.1549 , -28.6436",2.36E-05,---+--++--------,0
cg15013617,20,TMEM239,-44.31,8.77,"-61.5077 , -27.111",4.43E-07,----+-+--++-----,43.9
cg15014975,1,RUNX3,39.37,7.43,"24.8021 , 53.934",1.18E-07,++++++++++-++-+-,33.4
cg15016701,12,PPM1H,-50.39,11.57,"-73.067 , -27.7121",1.33E-05,---------++--+--,36.9
cg15031409,1,CASZ1,71.87,15.00,"42.4678 , 101.2729",1.66E-06,+++++++++++++++-,44.7
cg15035133,22,CDC42EP1,-81.71,15.25,"-111.6039 , -51.8158",8.45E-08,-------------+--,26.3
cg15171911,18,TCF4,53.38,10.11,"33.5644 , 73.1956",1.29E-07,++++++-+++++--++,13.8
cg15206445,16,SPG7,63.40,14.42,"35.1387 , 91.6615",1.10E-05,+++-++--++-++-+-,36.6
cg15226659,19,SEMA6B,-52.66,12.20,"-76.572 , -28.7415",1.59E-05,----------------,0
cg15233611,12,SETD1B,104.75,13.84,"77.6307 , 131.867",3.71E-14,+++-++++++++--+-,34.9
cg15283950,11,MRVI1,100.54,13.51,"74.0609 , 127.0287",9.99E-14,+++++++-++++-++-,16.9
cg15331996,10,ANAPC16,77.43,17.24,"43.6458 , 111.2166",7.06E-06,+-++++++++++++++,33.2
cg15406387,4,ENPEP,-58.38,11.86,"-81.6166 , -35.1337",8.53E-07,+--+---+-----+--,47.2
cg15446391,11,WT1,-67.19,11.63,"-89.9892 , -44.3992",7.58E-09,--++--------+---,0
cg15513620,1,ZNF697,-88.29,18.45,"-124.4544 , -52.1246",1.71E-06,--+---+---+-----,14.7
cg15521790,11,MAML2,-71.21,12.02,"-94.7585 , -47.6524",3.11E-09,------+------+--,21.7
cg15700009,11,LDHA,75.18,12.90,"49.8979 , 100.4639",5.60E-09,+++-++++++++++++,27.2
cg15741354,8,SGK223,-32.23,7.39,"-46.7109 , -17.7523",1.28E-05,-------+----++--,41.5
cg15772924,12,HOXC4,-53.25,10.89,"-74.5857 , -31.906",1.01E-06,+-+----------+--,0
cg15806306,11,KCNQ1DN,-98.36,14.61,"-126.9984 , -69.7177",1.68E-11,------+------+--,33.4
cg15895197,2,EMILIN1,79.13,14.01,"51.6672 , 106.6021",1.63E-08,+++++++-++++++++,4.9
cg15908975,7,GRM8,-37.86,7.50,"-52.563 , -23.1518",4.52E-07,---++-+--------+,52.5
cg15930777,6,EDN1,-71.19,13.98,"-98.5902 , -43.7818",3.56E-07,---------+---+--,18.2
cg15959363,4,C4orf32,-51.35,9.27,"-69.5205 , -33.1793",3.04E-08,--?+---------+--,37.5
cg15962969,6,NHSL1,93.71,12.92,"68.3918 , 119.0268",4.03E-13,+++++++-++++++++,0
cg15995125,1,RCC2,84.19,13.96,"56.819 , 111.554",1.65E-09,+++++++-+++++-++,0
cg16000331,22,SREBF2,-90.53,17.43,"-124.6985 , -56.3615",2.07E-07,------+-----++--,24.8
cg16001165,4,JADE1,-52.75,12.60,"-77.442 , -28.0606",2.82E-05,------+--+-----+,5.2
cg16014412,1,TMEM201,128.11,20.56,"87.8179 , 168.4045",4.61E-10,-++-++++++++-+++,35.1
cg16069079,15,DLL4,74.45,14.11,"46.7963 , 102.0966",1.31E-07,-++++++?++++++++,11.5
cg16097041,1,FLAD1,49.58,10.53,"28.9518 , 70.214",2.47E-06,++++++++++++++++,43.1
cg16101213,7,MIR129-1,-64.61,15.61,"-95.1972 , -34.0161",3.48E-05,------+---+--+--,18.1
cg16165575,1,RPE65,-53.18,9.23,"-71.2584 , -35.0955",8.20E-09,-------?-----+--,0
cg16190225,7,C7orf50,53.71,12.51,"29.194 , 78.2306",1.76E-05,+++-++++++-++++-,3.3
cg16234490,4,FAM47E,-66.98,11.86,"-90.2333 , -43.7261",1.65E-08,------+-----+---,0
cg16323245,3,ZBTB20,-34.86,8.76,"-52.0207 , -17.692",6.88E-05,----+-++-++--+-?,60.4
cg16396933,10,NT5C2,-50.38,8.69,"-67.4072 , -33.3553",6.64E-09,-------------+--,0
cg16398956,14,EML1,-94.57,18.55,"-130.9306 , -58.2002",3.45E-07,+-+------+------,6.4
cg16476991,13,RASA3,86.45,15.79,"55.4904 , 117.4058",4.42E-08,+++++++-++++++++,42.2
cg16520815,16,MGRN1,54.73,11.90,"31.3984 , 78.0615",4.27E-06,++++++++++-+-++-,7.6
cg16597079,6,TRERF1,-63.18,16.74,"-95.9929 , -30.3756",0.0001602,------+?--+--+--,40.5
cg16723994,17,BZRAP1,72.35,13.24,"46.4032 , 98.3058",4.64E-08,++++++-++++++-+-,61.1
cg16744911,10,SCD,-67.30,12.85,"-92.5001 , -42.1086",1.64E-07,--+-------+-----,41.2
cg16875057,2,STK39,-66.58,11.46,"-89.033 , -44.1248",6.19E-09,----------+-----,30.5
cg16925459,7,HDAC9,-37.38,8.84,"-54.7123 , -20.0491",2.37E-05,---+---+-++-----,0
cg17036469,1,AMPD2,54.44,9.99,"34.8504 , 74.0208",5.10E-08,+++-++++++++-++-,0
cg17038235,5,ERGIC1,56.03,9.94,"36.5611 , 75.5086",1.70E-08,++-++++++++++-++,19.8
cg17061862,11,WEE1,-43.32,7.94,"-58.8729 , -27.7578",4.84E-08,------+--+--++--,30.6
cg17142950,1,SAMD13,-55.44,10.39,"-75.8096 , -35.0744",9.54E-08,------------+---,20.1
cg17163527,1,MEGF6,-51.99,11.25,"-74.044 , -29.9319",3.84E-06,------+?--------,55.7
cg17237086,22,MKL1,63.89,15.16,"34.1819 , 93.5964",2.50E-05,++++++-?+++++++-,10.2
cg17276535,4,RGS12,38.04,8.97,"20.4653 , 55.6122",2.21E-05,++-+++--++++++++,26.4
cg17292662,8,ATP6V1H,-70.82,13.36,"-97.0051 , -44.6268",1.16E-07,-------?-++-+---,58.1
cg17327171,2,RBMS1,-65.08,14.61,"-93.7195 , -36.4451",8.41E-06,-------------+--,42.5
cg17344906,19,NFIX,68.90,11.89,"45.6035 , 92.2012",6.78E-09,+++++--?++++++++,51.1
cg17353337,6,NHSL1,79.02,12.22,"55.0721 , 102.9699",9.99E-11,+++++++-++++++++,20.8
cg17442852,17,SLC43A2,55.93,9.55,"37.2099 , 74.6524",4.75E-09,++++++--++-++++-,47.9
cg17470397,3,OPA1,-72.99,13.66,"-99.7646 , -46.218",9.12E-08,------++--+--+-+,21.9
cg17711527,1,LAX1,-69.56,11.14,"-91.3949 , -47.7259",4.26E-10,------+------+--,31.7
cg17714703,19,UHRF1,135.34,12.55,"110.7383 , 159.9468",4.21E-27,++++++-+++++-+++,56.7
cg17725019,22,PIK3IP1,60.82,12.89,"35.5593 , 86.0815",2.37E-06,++++++++++-+++++,0.1
cg17730048,17,PPY2P,75.83,12.39,"51.5376 , 100.1215",9.46E-10,+++-++-?++++++++,40.8
cg17758673,4,RGS12,56.40,9.67,"37.4513 , 75.3418",5.39E-09,+-+-++++++-++---,49.8
cg17782974,10,TRIM8,63.54,10.01,"43.9122 , 83.1694",2.23E-10,++++++++++++++++,0
cg17783244,22,PATZ1,50.47,9.60,"31.6502 , 69.2969",1.48E-07,+++++++?++-+++++,33.4
cg17819250,8,KCNU1,-50.87,10.28,"-71.0057 , -30.7251",7.42E-07,-+----+-----++--,49.2
cg17828445,12,09-Mar,106.13,21.18,"64.6091 , 147.6453",5.44E-07,+++++++++++?-+++,5.8
cg17850088,1,VPS45,79.70,9.66,"60.7661 , 98.6363",1.58E-16,+++++++?+++++?+?,0
cg17870997,2,GLI2,-37.34,6.21,"-49.5132 , -25.1744",1.80E-09,------------++--,17.6
cg17901584,1,DHCR24,-43.13,10.18,"-63.0901 , -23.1772",2.27E-05,--+-------+--+--,34.7
cg17924072,19,HMHA1,-63.59,9.85,"-82.8898 , -44.2881",1.07E-10,----------+---+-,53.4
cg18033092,11,C11orf49,-59.73,12.42,"-84.0724 , -35.379",1.52E-06,---------++-----,28.1
cg18050903,4,RASGEF1B,-115.46,21.22,"-157.0598 , -73.8635",5.32E-08,---------+------,36.3
cg18062064,20,TLDC2,-90.90,19.39,"-128.9029 , -52.8882",2.77E-06,--+---+------+--,0
cg18219522,11,MAML2,-55.16,11.69,"-78.0764 , -32.2527",2.37E-06,-------?-+------,0
cg18299068,4,MAEA,88.91,13.19,"63.0587 , 114.7704",1.58E-11,++++++++++-++++-,45.8
cg18334681,6,ENPP3,-73.58,12.83,"-98.7372 , -48.4257",9.86E-09,--+----------+--,54.3
cg18402166,17,PLEKHM1P,71.11,14.44,"42.7995 , 99.4223",8.52E-07,+++++++?+++++---,42.3
cg18489994,4,C1QTNF7,-90.12,14.11,"-117.7854 , -62.4642",1.70E-10,-------------+--,0
cg18503793,22,TEF,-178.29,33.66,"-244.2746 , -112.3132",1.18E-07,--+-------+--+--,2.1
cg18515868,4,MAEA,75.46,17.14,"41.8686 , 109.0423",1.07E-05,+-+-++-+++-++-+-,56.1
cg18536994,17,TMEM235,81.50,12.52,"56.9653 , 106.0358",7.48E-11,++++++-+++++--+-,51.5
cg18584067,2,SERTAD2,-77.58,12.58,"-102.2435 , -52.9162",7.04E-10,------+?-----+--,24
cg18598117,19,ARID3A,-35.49,9.40,"-53.9171 , -17.056",0.0001608,----+-+?-++-----,53.3
cg18642369,13,DOCK9,-42.30,11.21,"-64.2667 , -20.3316",0.0001606,------------+?-?,6.4
cg18702935,13,SUCLA2,-108.75,14.67,"-137.4939 , -80.0054",1.21E-13,------+-----++--,55.1
cg18716210,11,MRPL23-AS1,49.33,9.92,"29.8915 , 68.7771",6.58E-07,+++++++++++++-+-,61.3
cg18804667,5,PDE4D,61.52,7.01,"47.7813 , 75.2604",1.69E-18,++++++++++++-+-+,31.3
cg18835596,6,MYB,-78.15,14.50,"-106.5717 , -49.7345",7.04E-08,---+--+?-+---+--,27.8
cg18857467,1,HDAC1,-41.12,10.92,"-62.5197 , -19.7187",0.0001659,+-----+-+---+---,49.5
cg18944752,4,RGS12,-47.53,9.39,"-65.9283 , -29.1292",4.13E-07,-------------++-,20
cg19029445,17,ABR,42.14,8.94,"24.6145 , 59.6679",2.45E-06,+++++-+++-+++++-,5.4
cg19211915,11,WT1,-94.72,14.90,"-123.9234 , -65.515",2.06E-10,--+------------+,0
cg19242268,20,TCEA2,98.09,16.04,"66.6429 , 129.5364",9.74E-10,++++++-++++++---,41.6
cg19260606,1,KAZN,-60.81,8.60,"-77.6627 , -43.9584",1.52E-12,-+-----------+-+,54.5
cg19265972,17,ASGR1,95.75,21.13,"54.3294 , 137.1694",5.87E-06,+++++++?+++--+++,56.1
cg19295068,19,GLTSCR1,52.37,8.97,"34.7807 , 69.9505",5.33E-09,++++++-++++++-++,49.1
cg19323059,7,INHBA-AS1,-63.59,11.74,"-86.5986 , -40.5888",6.02E-08,---+--+---+-----,25.6
cg19358373,12,CHFR,76.46,13.43,"50.1299 , 102.7934",1.26E-08,+++-+++-++++-+++,22
cg19370689,7,FBXL13,-65.33,14.29,"-93.337 , -37.3204",4.84E-06,-+----+---------,21.7
cg19374752,12,GRASP,67.10,11.50,"44.5623 , 89.6433",5.38E-09,+++-+++-+++++-+-,20.7
cg19379721,19,LPAR2,105.81,13.05,"80.2375 , 131.3795",5.06E-16,++++++-++++++-++,42
cg19448816,3,PLCL2,-76.48,12.29,"-100.5724 , -52.381",4.95E-10,------+?--+--+--,4.3
cg19449917,3,LINC00880,-96.54,15.81,"-127.5214 , -65.5527",1.02E-09,--+----?-+---+-+,46.5
cg19459094,5,GRK6,69.56,15.17,"39.8291 , 99.2935",4.53E-06,++++++++++++++-+,34
cg19520763,3,ACVR2B,-53.98,11.94,"-77.3875 , -30.5812",6.15E-06,+-----+---------,50.6
cg19523667,7,ZMIZ2,72.38,13.72,"45.484 , 99.2743",1.33E-07,+++-+++++++++-+-,40.9
cg19827875,1,NAV1,32.02,6.43,"19.4197 , 44.6159",6.32E-07,+++-++++++++--++,0
cg19843457,12,SFSWAP,-61.75,9.54,"-80.4432 , -43.0524",9.57E-11,-------------+--,31.4
cg19851563,19,GNG7,26.67,6.32,"14.2909 , 39.0574",2.42E-05,+-+++-+++++++++-,14.4
cg19863740,22,PARVG,-77.25,17.56,"-111.6733 , -42.8339",1.09E-05,-------------+--,0
cg19869443,1,SAMD13,-48.99,11.45,"-71.4317 , -26.5514",1.88E-05,------+------+--,0
cg19876649,18,MYOM1,-53.45,11.16,"-75.3293 , -31.5758",1.68E-06,------+-------+-,48.9
cg19889855,3,PARP15,-50.83,10.32,"-71.0521 , -30.6041",8.39E-07,------+------+--,38.3
cg19914554,17,CD7,75.86,17.72,"41.1215 , 110.5945",1.87E-05,-+++++--++-+--++,39
cg19935065,10,DNTT,-69.70,14.06,"-97.2602 , -42.1323",7.20E-07,-------?--+-----,45.8
cg20012601,4,MAML3,59.81,13.37,"33.5929 , 86.0187",7.76E-06,+++-+++?++++---+,36.9
cg20014974,1,SLC45A1,85.66,17.07,"52.2098 , 119.1147",5.19E-07,+++-+++++++++-++,46.1
cg20102045,13,MYO16,53.19,8.70,"36.1447 , 70.244",9.65E-10,++++++-+++++++++,59.6
cg20141108,1,UCK2,-59.48,11.73,"-82.4629 , -36.4918",3.94E-07,-------?-+------,7.5
cg20176142,8,ZBTB10,-44.69,10.27,"-64.8302 , -24.5549",1.36E-05,-----+++-++---+-,59.1
cg20186396,17,CD7,74.74,17.32,"40.791 , 108.6817",1.59E-05,++++++--++-+--++,24.8
cg20204986,11,WT1,-52.20,8.83,"-69.5039 , -34.8964",3.37E-09,---+--+-----+---,51.3
cg20219891,2,GLI2,-25.09,3.52,"-32.0004 , -18.1869",1.07E-12,------------++--,0.7
cg20236995,1,PRDM16,112.96,19.35,"75.0476 , 150.8802",5.24E-09,+++-+++++++++-++,46.6
cg20283107,8,FAM91A1,-60.15,10.23,"-80.1969 , -40.1041",4.08E-09,----------+--+--,25
cg20309640,1,LOC730102,66.86,11.39,"44.536 , 89.1838",4.35E-09,+++-++++++++--++,40.5
cg20357806,4,PPBP,-76.95,13.96,"-104.3077 , -49.5972",3.52E-08,---------+---+--,0
cg20359445,12,IKZF4,91.00,15.26,"61.0974 , 120.905",2.45E-09,+++++++-++++--++,31.6
cg20364632,6,CRISP2,-41.80,10.17,"-61.7385 , -21.855",3.99E-05,------+--++-++-+,49.8
cg20370909,7,RADIL,49.36,10.42,"28.9479 , 69.78",2.15E-06,++++++-+++++--+-,3.1
cg20386404,1,PTPN14,-53.09,12.53,"-77.6506 , -28.5291",2.27E-05,-+++---+-----+--,0
cg20449670,1,S100A6,-74.35,10.90,"-95.7139 , -52.9829",9.07E-12,-------?-++--+--,61.1
cg20494635,11,MRPL23-AS1,92.14,15.19,"62.3666 , 121.9101",1.31E-09,+-+++++-+++++++-,10.2
cg20519581,20,LINC01270,-70.64,14.25,"-98.5745 , -42.7111",7.16E-07,------------+---,0
cg20635389,2,CPO,69.96,15.80,"38.9818 , 100.9363",9.58E-06,-++-+++?++++-+++,0
cg20652404,15,LOXL1-AS1,104.40,13.57,"77.8034 , 130.9984",1.43E-14,++++++++++++++++,29.4
cg20658466,7,IGFBP3,-82.33,12.88,"-107.5768 , -57.078",1.65E-10,------+?--------,0
cg20663495,17,B3GNTL1,74.88,14.42,"46.6285 , 103.1408",2.05E-07,++++++--++++-++-,42.2
cg20664313,12,FBRSL1,73.63,12.60,"48.9464 , 98.3206",5.04E-09,+++++++++++++--+,38.8
cg20717932,17,THRA,-71.50,12.25,"-95.5213 , -47.4842",5.38E-09,-------?-----+--,55.5
cg20730966,3,GLB1,-63.57,12.67,"-88.3998 , -38.7322",5.25E-07,----+--------+--,5.8
cg20752878,17,ASGR1,94.23,11.45,"71.7884 , 116.6752",1.88E-16,+++++++?++++-+++,29.8
cg20784591,7,PILRA,155.95,26.26,"104.4912 , 207.417",2.86E-09,+++++++?+++++++-,0
cg20865778,11,TCIRG1,80.16,17.60,"45.6703 , 114.6433",5.22E-06,+++++-+-+++++++-,39.1
cg20876852,7,MEST,-60.39,11.46,"-82.8486 , -37.9283",1.37E-07,----+-++----+-+-,59.3
cg20948740,2,DNMT3A,82.66,15.56,"52.1556 , 113.1618",1.09E-07,++++++++++-+-++-,46.6
cg21058822,8,MIR548O2,-58.57,8.25,"-74.7437 , -42.3932",1.28E-12,-------?--------,44.4
cg21121843,4,HTT,-52.41,8.96,"-69.9718 , -34.8484",4.94E-09,-------?----++--,68.4
cg21141329,17,COL1A1,90.21,15.37,"60.0785 , 120.3406",4.41E-09,+++++++++++++-+-,43.6
cg21155834,2,MBD5,-102.51,19.33,"-140.4075 , -64.6221",1.14E-07,----------+--+--,55.5
cg21193744,8,MCPH1,-120.78,23.45,"-166.7356 , -74.8177",2.60E-07,----------------,14.6
cg21220721,1,ACOT7,-67.67,13.62,"-94.363 , -40.9786",6.73E-07,---+--+--++-+---,59.2
cg21221712,15,AKAP13,-70.82,14.39,"-99.0308 , -42.6125",8.62E-07,-------+-++-----,33.2
cg21221767,14,MAX,-77.65,12.73,"-102.6089 , -52.701",1.07E-09,-------+-----++-,63.9
cg21228424,6,PRPH2,46.13,7.89,"30.6768 , 61.588",4.91E-09,+++++++?+-+++++?,0
cg21249754,12,PTPN6,85.02,15.53,"54.575 , 115.4641",4.41E-08,+++++++?+++-+++-,25.5
cg21369801,17,CSNK1D,56.07,11.07,"34.3757 , 77.7598",4.06E-07,++-+++++++-++-++,11.4
cg21454485,1,CD84,-47.34,9.71,"-66.3773 , -28.3029",1.09E-06,------+?----+---,8.7
cg21505925,21,DYRK1A,-47.57,9.88,"-66.9331 , -28.1987",1.48E-06,---------------+,0
cg21516291,20,SLC35C2,101.35,14.86,"72.2148 , 130.4843",9.22E-12,+++-+++++++++-++,41.5
cg21520055,14,NDRG2,-63.47,12.04,"-87.0769 , -39.8656",1.36E-07,------++--+--+--,0
cg21542842,4,11-Sep,-79.38,18.83,"-116.2755 , -42.4755",2.49E-05,---------+---+--,49.9
cg21554670,17,GAS7,-51.67,10.85,"-72.9342 , -30.4123",1.90E-06,------++-++-++--,58.2
cg21586223,13,CYSLTR2,-50.58,9.30,"-68.796 , -32.3564",5.31E-08,------+?--------,51.1
cg21597811,8,ZHX2,-65.38,11.88,"-88.661 , -42.0976",3.71E-08,------+------+--,0
cg21601493,13,IRS2,77.75,18.49,"41.5127 , 113.9819",2.61E-05,+++++-++++-++-+-,38
cg21609804,11,MARK2,80.99,15.79,"50.0454 , 111.9325",2.90E-07,+++-++++++++--+-,0
cg21646032,3,RARB,-66.69,13.42,"-92.996 , -40.3796",6.75E-07,----------+--+--,8.4
cg21649604,22,RPL3,89.44,17.23,"55.6739 , 123.2031",2.08E-07,+++-+++-++++++++,38.8
cg21684021,1,CELSR2,-45.14,14.57,"-73.6923 , -16.5916",0.001942,----+-----------,0
cg21690489,11,CREB3L1,-146.84,24.16,"-194.1897 , -99.4825",1.22E-09,------+?--+--+--,50.2
cg21703988,12,EP400,45.37,9.97,"25.8221 , 64.9187",5.39E-06,+++++++-++-+++++,55.2
cg21707172,6,TIAM2,50.01,9.54,"31.3188 , 68.7007",1.57E-07,+++++++-++++-+++,0
cg21726551,12,ADGRD1,75.41,13.25,"49.4436 , 101.3665",1.25E-08,++++++-+++++++++,0
cg21785384,1,TMCC2,63.08,12.69,"38.2023 , 87.9554",6.70E-07,+++++++?++-++-+-,45.4
cg21788755,3,ATRIP,70.31,13.27,"44.3065 , 96.3124",1.16E-07,+++++++-+++++-+-,46.8
cg21805179,12,MPHOSPH9,58.04,9.48,"39.4723 , 76.6175",9.04E-10,++?+++-+++++-+++,0
cg21805788,1,FAM102B,-55.37,11.32,"-77.5595 , -33.189",9.97E-07,------+--+---+--,33.2
cg21912938,7,JAZF1-AS1,-102.81,18.14,"-138.369 , -67.2436",1.46E-08,---+------------,0
cg21926626,8,TSNARE1,-47.97,9.15,"-65.8961 , -30.0454",1.56E-07,----+-----------,13.1
cg21995347,5,SNX18,72.97,10.23,"52.9251 , 93.0085",9.62E-13,+++++-+?+++++-++,30.6
cg22030032,19,RAB4B-EGLN2,85.60,18.49,"49.3702 , 121.8316",3.64E-06,+++-+++-++++-++-,40.3
cg22039357,1,C1orf21,-49.60,8.16,"-65.6037 , -33.6023",1.23E-09,-------?--------,29.9
cg22057874,2,OSBPL6,-65.35,10.53,"-85.9777 , -44.7139",5.38E-10,------+------+--,30.6
cg22117819,22,LINC00895,-75.53,14.55,"-104.0499 , -47.0026",2.11E-07,----+-----------,44.7
cg22123711,1,TNFRSF8,-41.82,10.13,"-61.6682 , -21.9634",3.65E-05,------+--+--+---,30.7
cg22149555,12,GOLGA3,43.38,9.28,"25.1842 , 61.5714",2.97E-06,-+++++--++++-+++,34.2
cg22164298,4,ANK2,-53.90,13.60,"-80.5584 , -27.2384",7.42E-05,----+-----+-+-+-,52.5
cg22202929,8,ZFPM2,-51.60,9.72,"-70.6479 , -32.5435",1.11E-07,------+-----+---,0
cg22242842,2,KCMF1,-68.50,11.63,"-91.3027 , -45.7034",3.89E-09,-------?----+---,0
cg22246785,12,KDM2B,-86.07,12.45,"-110.4689 , -61.6689",4.72E-12,----------------,21.5
cg22347642,8,GINS4,-62.97,13.72,"-89.868 , -36.0733",4.46E-06,------++-+--+---,5.2
cg22386583,17,RPTOR,-45.54,8.96,"-63.0889 , -27.9823",3.69E-07,-------?-+-----+,0
cg22441770,1,CRTC2,60.58,11.99,"37.0893 , 84.0723",4.31E-07,+++++++++++++++-,10.7
cg22452230,15,DRAIC,-57.33,11.97,"-80.7809 , -33.8711",1.66E-06,-----+-?-----+--,24.8
cg22540040,12,RAP1B,-51.17,10.20,"-71.1644 , -31.1759",5.27E-07,------+?--+-----,51.8
cg22583147,3,TOPAZ1,-86.02,17.29,"-119.9014 , -52.1393",6.48E-07,+-----+---------,59.5
cg22590761,15,LOXL1-AS1,116.15,14.56,"87.6172 , 144.6854",1.48E-15,+++++++-++++++++,21.7
cg22593432,13,FRY,-58.99,14.93,"-88.2473 , -29.7241",7.78E-05,-+-------+------,43.9
cg22626522,22,TEF,-67.98,17.66,"-102.5867 , -33.3732",0.0001181,--+--+----+--+--,16.1
cg22635096,21,ADARB1,80.61,15.90,"49.4502 , 111.7748",3.97E-07,+++-+++?++++++++,16.8
cg22647738,17,CCL16,-58.20,9.87,"-77.5499 , -38.8487",3.75E-09,------+------+--,24.3
cg22778120,22,PRR5,42.68,8.78,"25.4791 , 59.8836",1.16E-06,++++++++++++++++,52.3
cg22851200,7,TRIP6,62.49,11.74,"39.4865 , 85.4924",1.01E-07,+++++++-++++----,64.1
cg22877366,1,MIIP,70.31,9.44,"51.7934 , 88.8176",9.79E-14,++++++--++++++++,53.4
cg22877452,1,NFIA,29.97,6.16,"17.8886 , 42.0527",1.16E-06,+++++++++++-+-+-,25.2
cg22908922,14,PACS2,77.42,12.77,"52.3955 , 102.4349",1.32E-09,++++++-+++-++-++,52.9
cg22925751,12,LOC643339,-60.78,13.35,"-86.9394 , -34.622",5.26E-06,---------+------,3.3
cg22962123,7,HOXA3,42.46,10.52,"21.8419 , 63.0766",5.43E-05,+++++++-++-++-+-,0
cg22996783,11,MYEOV,-80.59,15.56,"-111.089 , -50.1007",2.22E-07,-+----+---------,30.3
cg23032421,3,IL5RA,-49.60,7.44,"-64.1813 , -35.0106",2.65E-11,------++----++--,61.9
cg23033749,7,ST7,-36.73,10.68,"-57.6606 , -15.8083",0.0005803,---+-+------+--+,0
cg23059461,10,PRF1,-115.57,19.96,"-154.6819 , -76.4508",7.01E-09,--------+----+--,27.6
cg23147227,12,PTPN6,150.28,22.90,"105.3986 , 195.1577",5.27E-11,+++++++?++-+-++-,19.8
cg23188579,4,SCOC,-63.59,14.12,"-91.2633 , -35.9166",6.67E-06,---------++-----,0
cg23227726,11,CLPB,-99.19,19.40,"-137.2236 , -61.1586",3.19E-07,----+--?--+-----,34.1
cg23237276,14,MIR1247,65.10,9.32,"46.8245 , 83.3779",2.92E-12,++++++-+++++++++,44.2
cg23317857,6,TFEB,72.54,12.73,"47.5967 , 97.4862",1.20E-08,+-+++++?++-++++-,0
cg23364711,13,COL4A1,-48.08,8.71,"-65.1448 , -31.0124",3.36E-08,---------+---+-+,0
cg23369670,14,XRCC3,51.03,11.25,"28.9845 , 73.0687",5.70E-06,+++++++++++++-++,45.6
cg23387597,10,ITPRIP,81.66,15.91,"50.4686 , 112.8496",2.88E-07,+++-+-++++++-+--,4.4
cg23401251,2,IFT172,-61.27,14.12,"-88.9401 , -33.6089",1.42E-05,---+---?----+-+-,13.7
cg23404711,14,FOS,55.13,11.29,"32.9897 , 77.2616",1.06E-06,+++++++++++++-++,25.4
cg23415434,2,ARHGEF4,41.96,9.25,"23.8399 , 60.0868",5.67E-06,-+++++--++++-+++,55.2
cg23434428,10,PRKCQ,-47.25,10.50,"-67.8356 , -26.6653",6.83E-06,----+-++-+---+--,48.4
cg23473081,12,EMP1,-121.13,24.33,"-168.8159 , -73.4391",6.41E-07,--+------+-----+,63.6
cg23494863,8,STAR,-87.31,13.33,"-113.4336 , -61.1772",5.79E-11,---------+--+---,52.9
cg23513600,3,TNIK,59.32,12.14,"35.5246 , 83.1178",1.03E-06,++-+++++++-+++++,0
cg23545458,12,POLE,58.06,11.15,"36.2149 , 79.9037",1.89E-07,++++++-++++++++-,36.4
cg23606023,16,CBFA2T3,-100.69,20.83,"-141.5117 , -59.8754",1.33E-06,--+--+-+-----+-+,29.7
cg23623251,6,BMP6,-54.25,13.02,"-79.7637 , -28.7315",3.09E-05,-+----+---+-+-+-,43.3
cg23630423,17,RTN4RL1,62.00,11.56,"39.3371 , 84.6663",8.24E-08,+++--+++++-++++-,37.8
cg23661483,19,ILVBL,87.08,13.00,"61.5987 , 112.5671",2.12E-11,++++++++++-+++++,37.1
cg23663547,17,CCR7,102.43,16.37,"70.3489 , 134.5114",3.90E-10,++++++--++++--++,42.4
cg23684410,11,SIK3,-56.08,11.23,"-78.0872 , -34.0679",5.92E-07,------+---+--+-+,28.8
cg23693749,18,SALL3,48.62,9.97,"29.0732 , 68.1577",1.08E-06,++-++--+++-++++-,0
cg23702848,14,XRCC3,49.57,8.92,"32.0929 , 67.0523",2.72E-08,++++++++++-++-+-,39.4
cg23719157,15,STRA6,49.57,7.45,"34.9647 , 64.1791",2.90E-11,+++-++++++-+++++,30.4
cg23829395,12,SLC38A2,-56.49,10.58,"-77.2238 , -35.7495",9.35E-08,--+---+---------,33
cg23865980,10,ZMIZ1,-71.55,13.55,"-98.1055 , -44.9876",1.29E-07,--+--+-+--------,0
cg23883632,14,MAP3K9,-51.27,9.04,"-68.977 , -33.5572",1.40E-08,------------++--,40.8
cg23895055,2,NIFK,45.74,12.23,"21.7668 , 69.7043",0.0001841,+++-++--++-++-+-,0
cg23902550,8,TIGD5,168.66,22.41,"124.7451 , 212.5754",5.17E-14,++++++++++++--+-,33.6
cg23975840,12,MAP1LC3B2,-48.84,8.55,"-65.6021 , -32.0861",1.11E-08,------------+---,0
cg23983783,13,N4BP2L1,-61.49,13.81,"-88.5557 , -34.4214",8.49E-06,----+--------+--,38.3
cg23999170,1,TSPAN2,-42.47,10.14,"-62.3352 , -22.6001",2.80E-05,----+-+--+---++-,55.4
cg24013213,13,GUCY1B2,-48.28,7.56,"-63.0997 , -33.4587",1.72E-10,-----+++--+-----,3.1
cg24019564,1,RUNX3,68.95,14.13,"41.2599 , 96.631",1.06E-06,++++++++++-+++-+,52.9
cg24020157,10,RASGEF1A,-71.66,10.79,"-92.8162 , -50.5132",3.12E-11,-------?-----+--,5.3
cg24024833,11,LSP1,64.12,17.04,"30.7177 , 97.5291",0.0001684,+++-+++-++-++++-,4.4
cg24058805,1,PDE4B,-110.49,20.22,"-150.1137 , -70.8651",4.62E-08,------+-----+---,35.2
cg24129589,5,NKD2,-124.32,27.49,"-178.1992 , -70.4334",6.13E-06,+------?-----+-+,0
cg24159436,3,PLCL2,-60.70,10.75,"-81.7701 , -39.6349",1.63E-08,----------+--+--,0
cg24173182,17,HIC1,-39.28,7.82,"-54.6012 , -23.9493",5.09E-07,-------------+-+,56.5
cg24318728,17,KRT36,-47.73,10.47,"-68.2469 , -27.2156",5.11E-06,-------?--------,0
cg24324628,6,NHSL1,114.14,14.94,"84.8521 , 143.4323",2.21E-14,+++++++-+++++++-,13
cg24328944,13,DZIP1,-80.35,15.44,"-110.6164 , -50.0775",1.97E-07,+++---+------+--,61.5
cg24352369,2,CBWD2,-59.56,10.22,"-79.6024 , -39.5263",5.67E-09,---+---?--+-----,33.8
cg24395117,11,CTTN,67.97,11.15,"46.1222 , 89.8271",1.08E-09,++++++++++-+-++-,49.2
cg24495681,8,COL14A1,-111.26,18.90,"-148.309 , -74.2082",3.96E-09,---+---?--------,15.5
cg24527636,1,AHDC1,36.86,9.02,"19.1703 , 54.5482",4.42E-05,++++++++++-+++++,34.3
cg24559796,7,JAZF1-AS1,-92.10,11.31,"-114.268 , -69.9411",3.79E-16,-------+--+--+--,52.1
cg24635112,13,RASA3,65.74,13.59,"39.094 , 92.3855",1.33E-06,++++++++++-+--+-,30.9
cg24707200,1,NTRK1,-84.76,19.98,"-123.9203 , -45.6011",2.21E-05,------+---------,0
cg24727480,12,KCTD10,70.85,14.21,"43.0066 , 98.6941",6.12E-07,+++-+++-++++-+++,44.6
cg24746938,2,DOCK10,-59.97,12.96,"-85.3697 , -34.5745",3.69E-06,---+---?--------,0
cg24796852,19,GMFG,-70.54,14.31,"-98.5794 , -42.4918",8.23E-07,+-+---+?--------,0
cg24821554,13,GUCY1B2,-52.62,8.36,"-69.0109 , -36.2303",3.12E-10,------+?--+-----,53.1
cg24842859,1,RUNX3,85.22,17.50,"50.9211 , 119.5219",1.12E-06,+++++++++++++++-,0
cg24843003,19,DAZAP1,59.86,12.51,"35.3386 , 84.3789",1.71E-06,+++++++-+++++-+-,45.2
cg24953596,1,MEGF6,71.23,12.08,"47.5466 , 94.9133",3.75E-09,+++++++?++++-+++,35.5
cg24973755,4,MAEA,59.48,12.66,"34.6577 , 84.2984",2.64E-06,++++++-+++-+--++,40.9
cg25098174,17,CYB561,-123.37,20.61,"-163.7739 , -82.9726",2.16E-09,----+-+-----+---,16.6
cg25122233,12,HOXC4,-36.81,8.43,"-53.3198 , -20.2918",1.25E-05,-------------+-+,0
cg25138553,1,HSPG2,-45.00,12.56,"-69.6125 , -20.394",0.000338,--+-+-+?--------,0
cg25144135,1,TNFRSF18,-61.31,14.84,"-90.3962 , -32.2282",3.60E-05,--+---------+---,33.9
cg25162533,17,METRNL,74.66,9.40,"56.2295 , 93.0926",2.03E-15,++++++-?++++++++,48.4
cg25164589,10,C10orf107,-55.37,10.48,"-75.9125 , -34.8244",1.28E-07,----------+--+--,40.9
cg25199005,1,SMYD3,-71.06,13.19,"-96.9 , -45.2127",7.09E-08,-----++------+--,7.4
cg25215890,1,CD48,48.15,10.85,"26.8837 , 69.4224",9.11E-06,+++-++-+++++++++,12.7
cg25311470,7,NRCAM,85.89,14.06,"58.3321 , 113.4438",1.00E-09,++++++++++++--++,50.3
cg25311963,1,MIB2,71.84,11.90,"48.5146 , 95.172",1.58E-09,+++-+++++++++-++,42.5
cg25324164,11,FADS2,-73.05,14.43,"-101.3423 , -44.7574",4.18E-07,--+---+--+---+--,34.2
cg25371590,2,GLI2,-35.93,6.50,"-48.663 , -23.1938",3.21E-08,------------++--,10.2
cg25376651,13,EEF1DP3,-62.52,11.05,"-84.172 , -40.8592",1.53E-08,----+-----------,14.4
cg25383605,6,TIAM2,65.79,14.68,"37.0261 , 94.5564",7.36E-06,+++++++-++-+---+,56.5
cg25399309,5,MAST4,55.93,13.93,"28.6324 , 83.2371",5.93E-05,++++++-+++++-+++,0
cg25488206,22,RBFOX2,-122.05,23.26,"-167.6359 , -76.4647",1.54E-07,-------?--+-----,0
cg25513776,6,MYLK4,-59.85,11.14,"-81.6947 , -38.0092",7.85E-08,------+?-------+,22.3
cg25521481,6,TTBK1,-61.17,12.10,"-84.8893 , -37.4532",4.30E-07,---+--+---------,47.2
cg25536676,1,DHCR24,-99.19,18.20,"-134.8624 , -63.5159",5.04E-08,--+-------+-----,48.2
cg25656283,10,ERCC6,-51.62,10.31,"-71.8296 , -31.4094",5.55E-07,----+-----------,25.3
cg25662857,17,CD7,83.81,15.40,"53.6151 , 113.9997",5.31E-08,++++++--++-+-+++,0
cg25773386,3,GPR62,-113.23,22.06,"-156.4671 , -69.9941",2.85E-07,----------+--+--,0
cg25776343,10,PALD1,-58.13,12.15,"-81.9494 , -34.3062",1.73E-06,-------+--+--+--,24.7
cg25799241,8,FAM83H,50.50,9.44,"31.9936 , 69.0049",8.87E-08,++++++-+++--++++,61.3
cg25921609,17,MYH10,39.37,8.81,"22.1083 , 56.6312",7.81E-06,++++++-+++++++++,55.7
cg25936138,5,TRIM36,64.07,12.08,"40.3829 , 87.7498",1.15E-07,++++++--++-+-+++,46.4
cg25936358,13,ATP4B,-59.07,12.93,"-84.4089 , -33.7289",4.90E-06,-------?-+----+-,21.1
cg25939371,15,CELF6,-69.72,11.08,"-91.4384 , -47.9921",3.17E-10,---+--------++--,57.2
cg25963412,4,ACOX3,55.50,9.91,"36.0731 , 74.9171",2.14E-08,+++-+++?++++-+++,31.6
cg26003140,17,CCDC42,-53.07,12.70,"-77.9566 , -28.1814",2.92E-05,-+--------+---+-,39.8
cg26073542,11,OSBPL5,-92.38,17.07,"-125.8401 , -58.924",6.24E-08,------+-----++--,36.5
cg26104196,1,IGSF9,-105.34,20.09,"-144.706 , -65.9688",1.57E-07,------+?--+-++--,31.1
cg26118943,5,SNX18,80.21,15.33,"50.158 , 110.27",1.69E-07,+-+++++?++++++++,26.2
cg26165146,12,ARNTL2,-47.26,10.32,"-67.4888 , -27.0256",4.69E-06,------++----+---,19.3
cg26191447,2,GLS,-86.60,11.83,"-109.7822 , -63.4236",2.43E-13,------+---------,40.6
cg26196087,1,NOTCH2,-76.82,14.05,"-104.3566 , -49.2809",4.56E-08,-------------+--,36.3
cg26230651,2,PAX8,77.65,15.20,"47.8533 , 107.4373",3.25E-07,++++++-++++++-++,1.7
cg26236972,2,COPS8,-40.78,8.86,"-58.1337 , -23.4187",4.14E-06,---------------+,0.9
cg26280998,6,KLHL31,-59.11,14.27,"-87.0773 , -31.1419",3.44E-05,-------?------+-,45.5
cg26297819,22,TEF,-87.73,17.03,"-121.1165 , -54.341",2.60E-07,--+------------+,0
cg26340740,11,MPEG1,-47.15,10.79,"-68.2966 , -25.9975",1.25E-05,---+---+-----+-+,0
cg26357744,3,RASSF1,145.61,27.91,"90.9196 , 200.31",1.81E-07,++++++++++-+--++,30.3
cg26413708,6,TRERF1,-63.29,12.67,"-88.1193 , -38.4599",5.86E-07,------+--+------,27.3
cg26432350,3,NBEAL2,85.64,15.64,"54.9808 , 116.298",4.38E-08,+++-+++++++++++-,32.8
cg26604214,17,RAP1GAP2,-64.92,14.89,"-94.1037 , -35.7325",1.30E-05,------+--++---+-,41.7
cg26627956,2,CFLAR,65.08,13.21,"39.1858 , 90.9747",8.39E-07,++++++++++-+++++,0
cg26677394,6,RCAN2,-72.60,12.65,"-97.3939 , -47.8081",9.50E-09,------+?-----+--,24.7
cg26681628,16,FTO,-63.25,10.82,"-84.452 , -42.0449",5.02E-09,------------+---,12.1
cg26686361,16,IRF8,-57.19,11.31,"-79.3675 , -35.0155",4.31E-07,-------------+--,0
cg26709300,16,BOLA2,49.74,10.68,"28.8037 , 70.6773",3.22E-06,+-+++++++++++-+-,53.4
cg26750893,2,RMDN2,-57.76,9.45,"-76.2888 , -39.2295",9.99E-10,----------------,0
cg26828842,18,SOCS6,-52.44,11.02,"-74.029 , -30.842",1.94E-06,------------+++-,24.8
cg26833120,1,COL16A1,-59.13,11.25,"-81.1792 , -37.072",1.48E-07,------+------+-+,35.8
cg26881863,8,TRAPPC9,56.50,12.80,"31.4156 , 81.5937",1.01E-05,++++++++++-++++-,0
cg26884581,11,PYGM,78.45,14.83,"49.3742 , 107.5227",1.23E-07,+++++++++++++++-,26.7
cg26889659,6,EXOC2,25.18,4.97,"15.4523 , 34.9177",3.94E-07,+++++++-++-++++-,47.5
cg26894079,11,CLMP,-73.53,11.86,"-96.7694 , -50.281",5.65E-10,----------+-----,59.2
cg26906737,1,TMEM206,-80.47,14.10,"-108.101 , -52.8315",1.15E-08,----------------,51.1
cg26950531,19,DPF1,-49.25,8.49,"-65.8984 , -32.6019",6.70E-09,--+---+--+---+-?,54.1
cg26995224,12,KDM2B,56.31,10.17,"36.368 , 76.2436",3.11E-08,+++++++-++++-+++,10
cg26995690,13,MIR548F5,-53.63,8.54,"-70.3644 , -36.8918",3.38E-10,-----+------++-+,0
cg27051129,13,DLEU7-AS1,50.37,12.58,"25.7048 , 75.0298",6.26E-05,++++++++++-++-+-,0
cg27066989,13,GUCY1B2,-60.42,11.38,"-82.7376 , -38.1105",1.11E-07,------++--+-----,19.1
cg27089226,3,ZDHHC19,-66.76,12.64,"-91.5272 , -41.9852",1.28E-07,----------+-----,40.4
cg27108424,17,LOC100507351,57.24,14.15,"29.5038 , 84.9826",5.24E-05,++-++++++++++-++,59.8
cg27115863,22,CARD10,-83.43,16.09,"-114.9756 , -51.8875",2.17E-07,------+?----+---,41.9
cg27132471,15,SLCO3A1,-113.46,20.40,"-153.4475 , -73.4687",2.68E-08,-------?----++--,22.5
cg27134910,2,SLC8A1,-41.47,7.73,"-56.6242 , -26.3114",8.21E-08,-++---+---------,0
cg27139419,15,IGF1R,-43.40,9.77,"-62.5557 , -24.2502",8.93E-06,-------------+--,29.8
cg27168858,1,DHCR24,-68.88,11.59,"-91.6027 , -46.163",2.81E-09,-----+----+-----,23
cg27208052,16,MMP15,-65.70,13.31,"-91.7859 , -39.6232",7.91E-07,--+-+----------+,31.4
cg27217742,4,RGS12,106.34,14.24,"78.4345 , 134.2406",8.05E-14,+++++++++++++++-,0.5
cg27246744,3,OSBPL10,-98.17,14.30,"-126.1986 , -70.1501",6.59E-12,----------+--+--,26.8
cg27292710,11,KCNJ5,74.47,14.32,"46.392 , 102.5398",2.01E-07,++++++++++++--+-,0
cg27389255,11,PSMA1,60.18,10.99,"38.6386 , 81.7279",4.37E-08,++++++++++-+++++,47.4
cg27396284,7,HDAC9,-58.23,11.42,"-80.6116 , -35.8576",3.38E-07,----------+-----,54.8
cg27477277,21,TRPM2,-62.67,13.03,"-88.2118 , -37.1222",1.52E-06,---+-+-+-----+--,0
cg27485596,13,ARHGEF7,-44.66,7.21,"-58.7799 , -30.5334",5.74E-10,----------+--+--,53.8
cg27563968,12,GPRC5A,70.80,15.05,"41.2965 , 100.2949",2.55E-06,+++++++-++-++-+-,52.3
cg27588384,3,LIMD1,-64.87,13.00,"-90.3576 , -39.386",6.07E-07,----------------,0
cg27593537,10,SFXN3,112.59,22.87,"67.7617 , 157.4161",8.53E-07,+++++++-++-+-++-,20.2
cg27659768,16,ZNF19,-45.49,9.45,"-64.016 , -26.965",1.49E-06,------------++--,32.6
cg27661394,4,STX18-AS1,-76.37,15.42,"-106.6035 , -46.1398",7.37E-07,------+-----++--,48.2